study_id,site_id,core_id,method_id,depth_min,depth_max,sample_id,dry_bulk_density,fraction_organic_matter,,mean BD,median BD
Vincent_and_Dionne_2023,Webhannet,Webhannet1,single set of methods,0,5,Webhannet1-5,0.310809198,0.018874045,,0.646978189,0.590985042
Vincent_and_Dionne_2023,Webhannet,Webhannet1,single set of methods,5,10,Webhannet1-10,0.427772915,0.031828649,,0.626815872,0.595510423
Vincent_and_Dionne_2023,Webhannet,Webhannet1,single set of methods,10,15,Webhannet1-15,0.431353437,0.035806476,,0.616661611,0.574872693
Vincent_and_Dionne_2023,Webhannet,Webhannet1,single set of methods,15,20,Webhannet1-20,0.485260185,0.043669045,,,
Vincent_and_Dionne_2023,Webhannet,Webhannet2,single set of methods,0,5,Webhannet2-5,0.465368396,0.034606916,,,
Vincent_and_Dionne_2023,Webhannet,Webhannet2,single set of methods,5,10,Webhannet2-10,0.588399109,0.052031657,,,
Vincent_and_Dionne_2023,Webhannet,Webhannet2,single set of methods,10,15,Webhannet2-15,0.592675843,0.051728067,,,
Vincent_and_Dionne_2023,Webhannet,Webhannet2,single set of methods,15,20,Webhannet2-20,0.566816518,0.041756812,,,
Vincent_and_Dionne_2023,Webhannet,Webhannet3,single set of methods,0,5,Webhannet3-5,1.37899825,0.133801477,,,
Vincent_and_Dionne_2023,Webhannet,Webhannet3,single set of methods,5,10,Webhannet3-10,1.30082352,0.107180429,,,
Vincent_and_Dionne_2023,Webhannet,Webhannet3,single set of methods,10,15,Webhannet3-15,1.369848027,0.113036218,,,
Vincent_and_Dionne_2023,Webhannet,Webhannet3,single set of methods,15,20,Webhannet3-20,1.550067632,0.13987447,,,
Vincent_and_Dionne_2023,Webhannet,Webhannet4,single set of methods,0,5,Webhannet4-5,1.058342616,0.099681862,,,
Vincent_and_Dionne_2023,Webhannet,Webhannet4,single set of methods,5,10,Webhannet4-10,1.110359644,0.096181231,,,
Vincent_and_Dionne_2023,Webhannet,Webhannet4,single set of methods,10,15,Webhannet4-15,1.204646722,0.093725757,,,
Vincent_and_Dionne_2023,Webhannet,Webhannet4,single set of methods,15,20,Webhannet4-20,1.283816041,0.109097856,,,
Vincent_and_Dionne_2023,Webhannet,Webhannet5,single set of methods,0,5,Webhannet5-5,0.426678867,0.02359957,,,
Vincent_and_Dionne_2023,Webhannet,Webhannet5,single set of methods,5,10,Webhannet5-10,0.653942553,0.056833614,,,
Vincent_and_Dionne_2023,Webhannet,Webhannet5,single set of methods,10,15,Webhannet5-15,0.680796467,0.058189015,,,
Vincent_and_Dionne_2023,Webhannet,Webhannet5,single set of methods,15,20,Webhannet5-20,0.967834978,0.099333907,,,
Vincent_and_Dionne_2023,Webhannet,Webhannet6,single set of methods,0,5,Webhannet6-5,0.586211012,0.045273144,,,
Vincent_and_Dionne_2023,Webhannet,Webhannet6,single set of methods,5,10,Webhannet6-10,0.819143857,0.077186223,,,
Vincent_and_Dionne_2023,Webhannet,Webhannet6,single set of methods,10,15,Webhannet6-15,0.836151337,0.08316311,,,
Vincent_and_Dionne_2023,Webhannet,Webhannet6,single set of methods,15,20,Webhannet6-20,0.757976607,0.090587368,,,
Vincent_and_Dionne_2023,Webhannet,Webhannet7,single set of methods,0,5,Webhannet7-5,0.716800605,0.070613009,,,
Vincent_and_Dionne_2023,Webhannet,Webhannet7,single set of methods,5,10,Webhannet7-10,0.544935551,0.035936241,,,
Vincent_and_Dionne_2023,Webhannet,Webhannet7,single set of methods,10,15,Webhannet7-15,0.579746181,0.042614459,,,
Vincent_and_Dionne_2023,Webhannet,Webhannet7,single set of methods,15,20,Webhannet7-20,0.865292807,0.081285439,,,
Vincent_and_Dionne_2023,Webhannet,Webhannet8,single set of methods,0,5,Webhannet8-5,0.821331954,0.073912476,,,
Vincent_and_Dionne_2023,Webhannet,Webhannet8,single set of methods,5,10,Webhannet8-10,0.788411044,0.064895892,,,
Vincent_and_Dionne_2023,Webhannet,Webhannet8,single set of methods,10,15,Webhannet8-15,0.780155952,0.072806104,,,
Vincent_and_Dionne_2023,Webhannet,Webhannet8,single set of methods,15,20,Webhannet8-20,1.090070019,0.080170596,,,
Vincent_and_Dionne_2023,Webhannet,Webhannet9,single set of methods,0,5,Webhannet9-5,0.897418046,0.074420682,,,
Vincent_and_Dionne_2023,Webhannet,Webhannet9,single set of methods,5,10,Webhannet9-10,0.952617759,0.073687823,,,
Vincent_and_Dionne_2023,Webhannet,Webhannet9,single set of methods,10,15,Webhannet9-15,1.308879694,0.105214368,,,
Vincent_and_Dionne_2023,Webhannet,Webhannet9,single set of methods,15,20,Webhannet9-20,0.942075111,0.085165578,,,
Vincent_and_Dionne_2023,Webhannet,Webhannet10,single set of methods,0,5,Webhannet10-5,0.887671069,0.068373177,,,
Vincent_and_Dionne_2023,Webhannet,Webhannet10,single set of methods,5,10,Webhannet10-10,0.649069064,0.027702852,,,
Vincent_and_Dionne_2023,Webhannet,Webhannet10,single set of methods,10,15,Webhannet10-15,0.859922024,0.049312065,,,
Vincent_and_Dionne_2023,Webhannet,Webhannet10,single set of methods,15,20,Webhannet10-20,0.539763686,0.024022321,,,
Vincent_and_Dionne_2023,Webhannet,Webhannet11,single set of methods,0,5,Webhannet11-5,0.352581954,0.036245504,,,
Vincent_and_Dionne_2023,Webhannet,Webhannet11,single set of methods,5,10,Webhannet11-10,0.362826225,0.033531428,,,
Vincent_and_Dionne_2023,Webhannet,Webhannet11,single set of methods,10,15,Webhannet11-15,0.419318905,0.046276073,,,
Vincent_and_Dionne_2023,Webhannet,Webhannet11,single set of methods,15,20,Webhannet11-20,0.378739656,0.029172555,,,
Vincent_and_Dionne_2023,Webhannet,Webhannet12,single set of methods,0,5,Webhannet12-5,0.339254456,0.026172874,,,
Vincent_and_Dionne_2023,Webhannet,Webhannet12,single set of methods,5,10,Webhannet12-10,0.312301082,0.022495981,,,
Vincent_and_Dionne_2023,Webhannet,Webhannet12,single set of methods,10,15,Webhannet12-15,0.442990134,0.042781732,,,
Vincent_and_Dionne_2023,Webhannet,Webhannet12,single set of methods,15,20,Webhannet12-20,0.43015993,0.030809822,,,
Vincent_and_Dionne_2023,Webhannet,Webhannet13,single set of methods,0,5,Webhannet13-5,1.156707511,0.102904643,,,
Vincent_and_Dionne_2023,Webhannet,Webhannet13,single set of methods,5,10,Webhannet13-10,1.190424093,0.10350768,,,
Vincent_and_Dionne_2023,Webhannet,Webhannet13,single set of methods,10,15,Webhannet13-15,1.21230506,0.096209015,,,
Vincent_and_Dionne_2023,Webhannet,Webhannet13,single set of methods,15,20,Webhannet13-20,1.311067791,0.12672426,,,
Vincent_and_Dionne_2023,Webhannet,Webhannet14,single set of methods,0,5,Webhannet14-5,0.946749682,0.106520043,,,
Vincent_and_Dionne_2023,Webhannet,Webhannet14,single set of methods,5,10,Webhannet14-10,1.113940165,0.117042313,,,
Vincent_and_Dionne_2023,Webhannet,Webhannet14,single set of methods,10,15,Webhannet14-15,1.00155156,0.090583553,,,
Vincent_and_Dionne_2023,Webhannet,Webhannet14,single set of methods,15,20,Webhannet14-20,1.127168205,0.105607624,,,
Vincent_and_Dionne_2023,Webhannet,Webhannet15,single set of methods,0,5,Webhannet15-5,0.521761617,0.049787433,,,
Vincent_and_Dionne_2023,Webhannet,Webhannet15,single set of methods,5,10,Webhannet15-10,0.643499363,0.055503169,,,
Vincent_and_Dionne_2023,Webhannet,Webhannet15,single set of methods,10,15,Webhannet15-15,0.568109484,0.061874463,,,
Vincent_and_Dionne_2023,Webhannet,Webhannet15,single set of methods,15,20,Webhannet15-20,0.674331636,0.084172746,,,
Vincent_and_Dionne_2023,Webhannet,Webhannet16,single set of methods,0,5,Webhannet16-5,0.647477721,0.071562813,,,
Vincent_and_Dionne_2023,Webhannet,Webhannet16,single set of methods,5,10,Webhannet16-10,0.639719924,0.075260861,,,
Vincent_and_Dionne_2023,Webhannet,Webhannet16,single set of methods,10,15,Webhannet16-15,0.750318269,0.095964674,,,
Vincent_and_Dionne_2023,Webhannet,Webhannet16,single set of methods,15,20,Webhannet16-20,0.576563495,0.052098852,,,
Vincent_and_Dionne_2023,Webhannet,Webhannet17,single set of methods,0,5,Webhannet17-5,0.487647199,0.04442521,,,
Vincent_and_Dionne_2023,Webhannet,Webhannet17,single set of methods,5,10,Webhannet17-10,0.505251432,0.047941571,,,
Vincent_and_Dionne_2023,Webhannet,Webhannet17,single set of methods,10,15,Webhannet17-15,0.642305856,0.077908895,,,
Vincent_and_Dionne_2023,Webhannet,Webhannet17,single set of methods,15,20,Webhannet17-20,0.786123488,0.095222888,,,
Vincent_and_Dionne_2023,Webhannet,Webhannet18,single set of methods,0,5,Webhannet18-5,0.54026098,0.045112835,,,
Vincent_and_Dionne_2023,Webhannet,Webhannet18,single set of methods,5,10,Webhannet18-10,0.538072884,0.035022535,,,
Vincent_and_Dionne_2023,Webhannet,Webhannet18,single set of methods,10,15,Webhannet18-15,0.585216423,0.049779358,,,
Vincent_and_Dionne_2023,Webhannet,Webhannet18,single set of methods,15,20,Webhannet18-20,0.677613781,0.058195193,,,
Vincent_and_Dionne_2023,Webhannet,Webhannet19,single set of methods,0,5,Webhannet19-5,1.148054583,0.123424689,,,
Vincent_and_Dionne_2023,Webhannet,Webhannet19,single set of methods,5,10,Webhannet19-10,0.831277849,0.074910039,,,
Vincent_and_Dionne_2023,Webhannet,Webhannet19,single set of methods,10,15,Webhannet19-15,0.830780554,0.057636368,,,
Vincent_and_Dionne_2023,Webhannet,Webhannet19,single set of methods,15,20,Webhannet19-20,0.767325748,0.052607166,,,
Vincent_and_Dionne_2023,Webhannet,Webhannet20,single set of methods,0,5,Webhannet20-5,0.779957034,0.067016716,,,
Vincent_and_Dionne_2023,Webhannet,Webhannet20,single set of methods,5,10,Webhannet20-10,0.824116805,0.065199613,,,
Vincent_and_Dionne_2023,Webhannet,Webhannet20,single set of methods,10,15,Webhannet20-15,0.839433482,0.065620354,,,
Vincent_and_Dionne_2023,Webhannet,Webhannet20,single set of methods,15,20,Webhannet20-20,1.002844526,0.095982291,,,
Vincent_and_Dionne_2023,Webhannet,Webhannet21,single set of methods,0,5,Webhannet21-5,0.30404599,0.031331278,,,
Vincent_and_Dionne_2023,Webhannet,Webhannet21,single set of methods,5,10,Webhannet21-10,0.350891152,0.037868499,,,
Vincent_and_Dionne_2023,Webhannet,Webhannet21,single set of methods,10,15,Webhannet21-15,0.363224061,0.037084738,,,
Vincent_and_Dionne_2023,Webhannet,Webhannet21,single set of methods,15,20,Webhannet21-20,0.404201146,0.039252141,,,
Vincent_and_Dionne_2023,Webhannet,Webhannet22,single set of methods,0,5,Webhannet22-5,0.659313335,0.072216609,,,
Vincent_and_Dionne_2023,Webhannet,Webhannet22,single set of methods,5,10,Webhannet22-10,0.417130808,0.033189141,,,
Vincent_and_Dionne_2023,Webhannet,Webhannet22,single set of methods,10,15,Webhannet22-15,0.446670115,0.043781197,,,
Vincent_and_Dionne_2023,Webhannet,Webhannet22,single set of methods,15,20,Webhannet22-20,0.391868237,0.031259417,,,
Vincent_and_Dionne_2023,Webhannet,Webhannet23,single set of methods,0,5,Webhannet23-5,0.94784373,0.122922546,,,
Vincent_and_Dionne_2023,Webhannet,Webhannet23,single set of methods,5,10,Webhannet23-10,0.881305697,0.074711911,,,
Vincent_and_Dionne_2023,Webhannet,Webhannet23,single set of methods,10,15,Webhannet23-15,0.886179185,0.079857436,,,
Vincent_and_Dionne_2023,Webhannet,Webhannet23,single set of methods,15,20,Webhannet23-20,0.855545831,0.076499064,,,
Vincent_and_Dionne_2023,Webhannet,Webhannet24,single set of methods,0,5,Webhannet24-5,0.92616168,0.075550758,,,
Vincent_and_Dionne_2023,Webhannet,Webhannet24,single set of methods,5,10,Webhannet24-10,0.975891152,0.069498362,,,
Vincent_and_Dionne_2023,Webhannet,Webhannet24,single set of methods,10,15,Webhannet24-15,1.123488224,0.081020097,,,
Vincent_and_Dionne_2023,Webhannet,Webhannet24,single set of methods,15,20,Webhannet24-20,1.132141152,0.085303169,,,
Vincent_and_Dionne_2023,Webhannet,Webhannet25,single set of methods,0,5,Webhannet25-5,0.978377626,0.082017583,,,
Vincent_and_Dionne_2023,Webhannet,Webhannet25,single set of methods,5,10,Webhannet25-10,0.4442831,0.043675388,,,
Vincent_and_Dionne_2023,Webhannet,Webhannet25,single set of methods,10,15,Webhannet25-15,0.391868237,0.03636051,,,
Vincent_and_Dionne_2023,Webhannet,Webhannet25,single set of methods,15,20,Webhannet25-20,0.661401973,0.075647206,,,
Vincent_and_Dionne_2023,Webhannet,Webhannet26,single set of methods,0,5,Webhannet26-5,0.421904838,0.036892693,,,
Vincent_and_Dionne_2023,Webhannet,Webhannet26,single set of methods,5,10,Webhannet26-10,0.4837683,0.048993036,,,
Vincent_and_Dionne_2023,Webhannet,Webhannet26,single set of methods,10,15,Webhannet26-15,0.445078771,0.037658086,,,
Vincent_and_Dionne_2023,Webhannet,Webhannet26,single set of methods,15,20,Webhannet26-20,0.520070815,0.044237978,,,
Vincent_and_Dionne_2023,Webhannet,Webhannet27,single set of methods,0,5,Webhannet27-5,0.417528644,0.032793075,,,
Vincent_and_Dionne_2023,Webhannet,Webhannet27,single set of methods,5,10,Webhannet27-10,0.382817473,0.027215505,,,
Vincent_and_Dionne_2023,Webhannet,Webhannet27,single set of methods,10,15,Webhannet27-15,0.616247613,0.064724033,,,
Vincent_and_Dionne_2023,Webhannet,Webhannet27,single set of methods,15,20,Webhannet27-20,0.618236792,0.062636666,,,
Vincent_and_Dionne_2023,Webhannet,Webhannet28,single set of methods,0,5,Webhannet28-5,0.38500557,0.026458545,,,
Vincent_and_Dionne_2023,Webhannet,Webhannet28,single set of methods,5,10,Webhannet28-10,0.447963081,0.036211545,,,
Vincent_and_Dionne_2023,Webhannet,Webhannet28,single set of methods,10,15,Webhannet28-15,0.603715786,0.060020322,,,
Vincent_and_Dionne_2023,Webhannet,Webhannet28,single set of methods,15,20,Webhannet28-20,0.43672422,0.033066644,,,
Vincent_and_Dionne_2023,Webhannet,Webhannet29,single set of methods,0,5,Webhannet29-5,0.658716582,0.051817158,,,
Vincent_and_Dionne_2023,Webhannet,Webhannet29,single set of methods,5,10,Webhannet29-10,0.67114895,0.057529751,,,
Vincent_and_Dionne_2023,Webhannet,Webhannet29,single set of methods,10,15,Webhannet29-15,0.716601687,0.063515739,,,
Vincent_and_Dionne_2023,Webhannet,Webhannet29,single set of methods,15,20,Webhannet29-20,0.617938415,0.053298483,,,
Vincent_and_Dionne_2023,Webhannet,Webhannet30,single set of methods,0,5,Webhannet30-5,0.665977085,0.061164284,,,
Vincent_and_Dionne_2023,Webhannet,Webhannet30,single set of methods,5,10,Webhannet30-10,0.795174252,0.074076767,,,
Vincent_and_Dionne_2023,Webhannet,Webhannet30,single set of methods,10,15,Webhannet30-15,0.854750159,0.069760482,,,
Vincent_and_Dionne_2023,Webhannet,Webhannet30,single set of methods,15,20,Webhannet30-20,0.979770051,0.082616798,,,
Vincent_and_Dionne_2023,Webhannet,Webhannet31,single set of methods,0,5,Webhannet31-5,0.631066996,0.047316395,,,
Vincent_and_Dionne_2023,Webhannet,Webhannet31,single set of methods,5,10,Webhannet31-10,0.783537556,0.068386259,,,
Vincent_and_Dionne_2023,Webhannet,Webhannet31,single set of methods,10,15,Webhannet31-15,0.634746976,0.045515092,,,
Vincent_and_Dionne_2023,Webhannet,Webhannet31,single set of methods,15,20,Webhannet31-20,0.554583068,0.036278212,,,
Vincent_and_Dionne_2023,Webhannet,Webhannet32,single set of methods,0,5,Webhannet32-5,0.917210376,0.073654811,,,
Vincent_and_Dionne_2023,Webhannet,Webhannet32,single set of methods,5,10,Webhannet32-10,1.059635582,0.10477921,,,
Vincent_and_Dionne_2023,Webhannet,Webhannet32,single set of methods,10,15,Webhannet32-15,1.002844526,0.097717171,,,
Vincent_and_Dionne_2023,Webhannet,Webhannet32,single set of methods,15,20,Webhannet32-20,0.896622374,0.076783326,,,
Vincent_and_Dionne_2023,Webhannet,Webhannet33,single set of methods,0,5,Webhannet33-5,0.378142903,0.022932099,,,
Vincent_and_Dionne_2023,Webhannet,Webhannet33,single set of methods,5,10,Webhannet33-10,0.779857575,0.079365135,,,
Vincent_and_Dionne_2023,Webhannet,Webhannet33,single set of methods,10,15,Webhannet33-15,0.671944621,0.064976024,,,
Vincent_and_Dionne_2023,Webhannet,Webhannet33,single set of methods,15,20,Webhannet33-20,0.666076544,0.061885854,,,
Vincent_and_Dionne_2023,Webhannet,Webhannet34,single set of methods,0,5,Webhannet34-5,0.487348822,0.036919644,,,
Vincent_and_Dionne_2023,Webhannet,Webhannet34,single set of methods,5,10,Webhannet34-10,0.693925048,0.073283621,,,
Vincent_and_Dionne_2023,Webhannet,Webhannet34,single set of methods,10,15,Webhannet34-15,0.596355824,0.057052683,,,
Vincent_and_Dionne_2023,Webhannet,Webhannet34,single set of methods,15,20,Webhannet34-20,0.955303151,0.093084739,,,
Vincent_and_Dionne_2023,Webhannet,Webhannet35,single set of methods,0,5,Webhannet35-5,0.397537397,0.02119547,,,
Vincent_and_Dionne_2023,Webhannet,Webhannet35,single set of methods,5,10,Webhannet35-10,0.605903883,0.052384888,,,
Vincent_and_Dionne_2023,Webhannet,Webhannet35,single set of methods,10,15,Webhannet35-15,0.547223106,0.045581925,,,
Vincent_and_Dionne_2023,Webhannet,Webhannet35,single set of methods,15,20,Webhannet35-20,0.472827817,0.030505717,,,
Vincent_and_Dionne_2023,Webhannet,Webhannet36,single set of methods,0,5,Webhannet36-5,0.447963081,0.022045477,,,
Vincent_and_Dionne_2023,Webhannet,Webhannet36,single set of methods,5,10,Webhannet36-10,0.356063017,0.014677681,,,
Vincent_and_Dionne_2023,Webhannet,Webhannet36,single set of methods,10,15,Webhannet36-15,0.615352482,0.03934962,,,
Vincent_and_Dionne_2023,Webhannet,Webhannet36,single set of methods,15,20,Webhannet36-20,0.736891311,0.045078446,,,
Vincent_and_Dionne_2023,Webhannet,Webhannet37,single set of methods,0,5,Webhannet37-5,0.682586728,0.061791475,,,
Vincent_and_Dionne_2023,Webhannet,Webhannet37,single set of methods,5,10,Webhannet37-10,0.901197486,0.083063819,,,
Vincent_and_Dionne_2023,Webhannet,Webhannet37,single set of methods,10,15,Webhannet37-15,1.121896881,0.136965663,,,
Vincent_and_Dionne_2023,Webhannet,Webhannet37,single set of methods,15,20,Webhannet37-20,1.353437301,0.139468769,,,
Vincent_and_Dionne_2023,Webhannet,Webhannet38,single set of methods,0,5,Webhannet38-5,0.534392903,0.039630563,,,
Vincent_and_Dionne_2023,Webhannet,Webhannet38,single set of methods,5,10,Webhannet38-10,0.731023234,0.06746899,,,
Vincent_and_Dionne_2023,Webhannet,Webhannet38,single set of methods,10,15,Webhannet38-15,0.726746499,0.062743096,,,
Vincent_and_Dionne_2023,Webhannet,Webhannet38,single set of methods,15,20,Webhannet38-20,0.591482336,0.042050041,,,
Vincent_and_Dionne_2023,Webhannet,Webhannet39,single set of methods,0,5,Webhannet39-5,0.440901496,0.029939681,,,
Vincent_and_Dionne_2023,Webhannet,Webhannet39,single set of methods,5,10,Webhannet39-10,0.353278167,0.017486208,,,
Vincent_and_Dionne_2023,Webhannet,Webhannet39,single set of methods,10,15,Webhannet39-15,0.512710853,0.027482102,,,
Vincent_and_Dionne_2023,Webhannet,Webhannet39,single set of methods,15,20,Webhannet39-20,0.558362508,0.032974149,,,
Vincent_and_Dionne_2023,Webhannet,Webhannet40,single set of methods,0,5,Webhannet40-5,0.891251591,0.092282931,,,
Vincent_and_Dionne_2023,Webhannet,Webhannet40,single set of methods,5,10,Webhannet40-10,0.87822247,0.091042601,,,
Vincent_and_Dionne_2023,Webhannet,Webhannet40,single set of methods,10,15,Webhannet40-15,0.78125,0.084022661,,,
Vincent_and_Dionne_2023,Webhannet,Webhannet40,single set of methods,15,20,Webhannet40-20,0.533995067,0.032818867,,,
Vincent_and_Dionne_2023,Webhannet,Webhannet41,single set of methods,0,5,Webhannet41-5,0.604113622,0.051758793,,,
Vincent_and_Dionne_2023,Webhannet,Webhannet41,single set of methods,5,10,Webhannet41-10,0.596853119,0.057911479,,,
Vincent_and_Dionne_2023,Webhannet,Webhannet41,single set of methods,10,15,Webhannet41-15,0.566219764,0.044007506,,,
Vincent_and_Dionne_2023,Webhannet,Webhannet41,single set of methods,15,20,Webhannet41-20,0.552096595,0.040446558,,,
Vincent_and_Dionne_2023,Webhannet,Webhannet42,single set of methods,0,5,Webhannet42-5,0.419915659,0.035046539,,,
Vincent_and_Dionne_2023,Webhannet,Webhannet42,single set of methods,5,10,Webhannet42-10,0.455621419,0.034348247,,,
Vincent_and_Dionne_2023,Webhannet,Webhannet42,single set of methods,10,15,Webhannet42-15,0.472231063,0.038696092,,,
Vincent_and_Dionne_2023,Webhannet,Webhannet42,single set of methods,15,20,Webhannet42-20,0.624801082,0.053967375,,,
Vincent_and_Dionne_2023,Webhannet,Webhannet43,single set of methods,0,5,Webhannet43-5,0.455024666,0.035570275,,,
Vincent_and_Dionne_2023,Webhannet,Webhannet43,single set of methods,5,10,Webhannet43-10,0.542250159,0.049711814,,,
Vincent_and_Dionne_2023,Webhannet,Webhannet43,single set of methods,10,15,Webhannet43-15,0.521662158,0.04398793,,,
Vincent_and_Dionne_2023,Webhannet,Webhannet43,single set of methods,15,20,Webhannet43-20,0.574375398,0.047089675,,,
Vincent_and_Dionne_2023,Webhannet,Webhannet44,single set of methods,0,5,Webhannet44-5,0.396144971,0.023410514,,,
Vincent_and_Dionne_2023,Webhannet,Webhannet44,single set of methods,5,10,Webhannet44-10,0.416633514,0.023874809,,,
Vincent_and_Dionne_2023,Webhannet,Webhannet44,single set of methods,10,15,Webhannet44-15,0.383812062,0.02049489,,,
Vincent_and_Dionne_2023,Webhannet,Webhannet44,single set of methods,15,20,Webhannet44-20,0.494012572,0.034070866,,,
Vincent_and_Dionne_2023,Webhannet,Webhannet45,single set of methods,0,5,Webhannet45-5,0.843113463,0.085628711,,,
Vincent_and_Dionne_2023,Webhannet,Webhannet45,single set of methods,5,10,Webhannet45-10,0.762253342,0.060648921,,,
Vincent_and_Dionne_2023,Webhannet,Webhannet45,single set of methods,10,15,Webhannet45-15,0.915420115,0.087011818,,,
Vincent_and_Dionne_2023,Webhannet,Webhannet45,single set of methods,15,20,Webhannet45-20,1.271383673,0.124459855,,,
Vincent_and_Dionne_2023,Webhannet,Webhannet46,single set of methods,0,5,Webhannet46-5,0.72575191,0.075506067,,,
Vincent_and_Dionne_2023,Webhannet,Webhannet46,single set of methods,5,10,Webhannet46-10,0.678111076,0.064511137,,,
Vincent_and_Dionne_2023,Webhannet,Webhannet46,single set of methods,10,15,Webhannet46-15,0.565026257,0.039545674,,,
Vincent_and_Dionne_2023,Webhannet,Webhannet46,single set of methods,15,20,Webhannet46-20,0.579646722,0.037208236,,,
Vincent_and_Dionne_2023,Webhannet,Webhannet47,single set of methods,0,5,Webhannet47-5,0.54125557,0.048574625,,,
Vincent_and_Dionne_2023,Webhannet,Webhannet47,single set of methods,5,10,Webhannet47-10,0.386994749,0.02534696,,,
Vincent_and_Dionne_2023,Webhannet,Webhannet47,single set of methods,10,15,Webhannet47-15,0.286441757,0.011854162,,,
Vincent_and_Dionne_2023,Webhannet,Webhannet47,single set of methods,15,20,Webhannet47-20,0.402112508,0.022682604,,,
Vincent_and_Dionne_2023,Webhannet,Webhannet48,single set of methods,0,5,Webhannet48-5,0.532204806,0.029111435,,,
Vincent_and_Dionne_2023,Webhannet,Webhannet48,single set of methods,5,10,Webhannet48-10,0.914226607,0.09586955,,,
Vincent_and_Dionne_2023,Webhannet,Webhannet48,single set of methods,10,15,Webhannet48-15,0.73420592,0.067370119,,,
Vincent_and_Dionne_2023,Webhannet,Webhannet48,single set of methods,15,20,Webhannet48-20,0.800743953,0.082184491,,,
Vincent_and_Dionne_2023,Webhannet,Webhannet49,single set of methods,0,5,Webhannet49-5,0.692333705,0.079873078,,,
Vincent_and_Dionne_2023,Webhannet,Webhannet49,single set of methods,5,10,Webhannet49-10,0.656329567,0.059441519,,,
Vincent_and_Dionne_2023,Webhannet,Webhannet49,single set of methods,10,15,Webhannet49-15,0.532403724,0.039308781,,,
Vincent_and_Dionne_2023,Webhannet,Webhannet49,single set of methods,15,20,Webhannet49-20,0.5666176,0.041023695,,,
Vincent_and_Dionne_2023,Webhannet,Webhannet50,single set of methods,0,5,Webhannet50-5,0.496797422,0.051132389,,,
Vincent_and_Dionne_2023,Webhannet,Webhannet50,single set of methods,5,10,Webhannet50-10,0.51201464,0.045487442,,,
Vincent_and_Dionne_2023,Webhannet,Webhannet50,single set of methods,10,15,Webhannet50-15,0.534293444,0.053757338,,,
Vincent_and_Dionne_2023,Webhannet,Webhannet50,single set of methods,15,20,Webhannet50-20,0.560749523,0.050231898,,,
Vincent_and_Dionne_2023,Webhannet,Webhannet51,single set of methods,0,5,Webhannet51-5,1.0203493,0.150662762,,,
Vincent_and_Dionne_2023,Webhannet,Webhannet51,single set of methods,5,10,Webhannet51-10,1.10598345,0.098210252,,,
Vincent_and_Dionne_2023,Webhannet,Webhannet51,single set of methods,10,15,Webhannet51-15,0.545731222,0.035365132,,,
Vincent_and_Dionne_2023,Webhannet,Webhannet51,single set of methods,15,20,Webhannet51-20,0.482674252,0.027757465,,,
Vincent_and_Dionne_2023,Webhannet,Webhannet52,single set of methods,0,5,Webhannet52-5,0.515992998,0.027259407,,,
Vincent_and_Dionne_2023,Webhannet,Webhannet52,single set of methods,5,10,Webhannet52-10,0.234723106,0.009267007,,,
Vincent_and_Dionne_2023,Webhannet,Webhannet52,single set of methods,10,15,Webhannet52-15,0.424590229,0.024641927,,,
Vincent_and_Dionne_2023,Webhannet,Webhannet52,single set of methods,15,20,Webhannet52-20,0.61465627,0.035022153,,,
Vincent_and_Dionne_2023,Webhannet,Webhannet53,single set of methods,0,5,Webhannet53-5,0.789306174,0.096099634,,,
Vincent_and_Dionne_2023,Webhannet,Webhannet53,single set of methods,5,10,Webhannet53-10,0.682686187,0.067449308,,,
Vincent_and_Dionne_2023,Webhannet,Webhannet53,single set of methods,10,15,Webhannet53-15,0.557069542,0.040605802,,,
Vincent_and_Dionne_2023,Webhannet,Webhannet53,single set of methods,15,20,Webhannet53-20,0.648372852,0.047154991,,,
Vincent_and_Dionne_2023,Webhannet,Webhannet54,single set of methods,0,5,Webhannet54-5,0.769613304,0.078449586,,,
Vincent_and_Dionne_2023,Webhannet,Webhannet54,single set of methods,5,10,Webhannet54-10,0.736592934,0.064803402,,,
Vincent_and_Dionne_2023,Webhannet,Webhannet54,single set of methods,10,15,Webhannet54-15,0.556174411,0.037540229,,,
Vincent_and_Dionne_2023,Webhannet,Webhannet54,single set of methods,15,20,Webhannet54-20,0.616744908,0.10386771,,,
Vincent_and_Dionne_2023,Webhannet,Webhannet55,single set of methods,0,5,Webhannet55-5,0.687659134,0.039237726,,,
Vincent_and_Dionne_2023,Webhannet,Webhannet55,single set of methods,5,10,Webhannet55-10,0.851269096,0.060379776,,,
Vincent_and_Dionne_2023,Webhannet,Webhannet55,single set of methods,10,15,Webhannet55-15,0.87255331,0.055903486,,,
Vincent_and_Dionne_2023,Webhannet,Webhannet55,single set of methods,15,20,Webhannet55-20,0.932527053,0.050819274,,,
Vincent_and_Dionne_2023,Webhannet,Webhannet56,single set of methods,0,5,Webhannet56-5,0.622016232,0.029096041,,,
Vincent_and_Dionne_2023,Webhannet,Webhannet56,single set of methods,5,10,Webhannet56-10,0.678807288,0.038787906,,,
Vincent_and_Dionne_2023,Webhannet,Webhannet56,single set of methods,10,15,Webhannet56-15,0.682288351,0.036155585,,,
Vincent_and_Dionne_2023,Webhannet,Webhannet56,single set of methods,15,20,Webhannet56-20,0.611374125,0.030087378,,,
Vincent_and_Dionne_2023,Webhannet,Webhannet57,single set of methods,0,5,Webhannet57-5,0.81039147,0.04802279,,,
Vincent_and_Dionne_2023,Webhannet,Webhannet57,single set of methods,5,10,Webhannet57-10,0.6739338,0.035904673,,,
Vincent_and_Dionne_2023,Webhannet,Webhannet57,single set of methods,10,15,Webhannet57-15,0.720778962,0.047238211,,,
Vincent_and_Dionne_2023,Webhannet,Webhannet57,single set of methods,15,20,Webhannet57-20,1.104889402,0.084471093,,,
Vincent_and_Dionne_2023,Webhannet,Webhannet58,single set of methods,0,5,Webhannet58-5,0.680895926,0.043735324,,,
Vincent_and_Dionne_2023,Webhannet,Webhannet58,single set of methods,5,10,Webhannet58-10,0.63534373,0.031860508,,,
Vincent_and_Dionne_2023,Webhannet,Webhannet58,single set of methods,10,15,Webhannet58-15,0.920393062,0.064831236,,,
Vincent_and_Dionne_2023,Webhannet,Webhannet58,single set of methods,15,20,Webhannet58-20,1.063912317,0.072940875,,,
Vincent_and_Dionne_2023,Webhannet,Webhannet59,single set of methods,0,5,Webhannet59-5,0.913132559,0.065215643,,,
Vincent_and_Dionne_2023,Webhannet,Webhannet59,single set of methods,5,10,Webhannet59-10,1.189926798,0.120655607,,,
Vincent_and_Dionne_2023,Webhannet,Webhannet59,single set of methods,10,15,Webhannet59-15,1.227124443,0.124477972,,,
Vincent_and_Dionne_2023,Webhannet,Webhannet59,single set of methods,15,20,Webhannet59-20,1.153823202,0.111763064,,,
Vincent_and_Dionne_2023,Webhannet,Webhannet60,single set of methods,0,5,Webhannet60-5,0.679503501,0.063133367,,,
Vincent_and_Dionne_2023,Webhannet,Webhannet60,single set of methods,5,10,Webhannet60-10,0.955899905,0.08873498,,,
Vincent_and_Dionne_2023,Webhannet,Webhannet60,single set of methods,10,15,Webhannet60-15,0.863602005,0.073565592,,,
Vincent_and_Dionne_2023,Webhannet,Webhannet60,single set of methods,15,20,Webhannet60-20,1.05893937,0.085991178,,,
Vincent_and_Dionne_2023,Webhannet,Webhannet61,single set of methods,0,5,Webhannet61-5,0.699892584,0.057523619,,,
Vincent_and_Dionne_2023,Webhannet,Webhannet61,single set of methods,5,10,Webhannet61-10,0.602522279,0.056402449,,,
Vincent_and_Dionne_2023,Webhannet,Webhannet61,single set of methods,10,15,Webhannet61-15,0.590487747,0.057999413,,,
Vincent_and_Dionne_2023,Webhannet,Webhannet61,single set of methods,15,20,Webhannet61-20,0.634945894,0.051560785,,,
Vincent_and_Dionne_2023,Webhannet,Webhannet62,single set of methods,0,5,Webhannet62-5,0.577259707,0.066023516,,,
Vincent_and_Dionne_2023,Webhannet,Webhannet62,single set of methods,5,10,Webhannet62-10,0.697107734,0.058295651,,,
Vincent_and_Dionne_2023,Webhannet,Webhannet62,single set of methods,10,15,Webhannet62-15,0.607495226,0.068928374,,,
Vincent_and_Dionne_2023,Webhannet,Webhannet62,single set of methods,15,20,Webhannet62-20,0.704268778,0.064304493,,,
Vincent_and_Dionne_2023,Webhannet,Webhannet63,single set of methods,0,5,Webhannet63-5,0.758274984,0.076449345,,,
Vincent_and_Dionne_2023,Webhannet,Webhannet63,single set of methods,5,10,Webhannet63-10,0.735598345,0.08264137,,,
Vincent_and_Dionne_2023,Webhannet,Webhannet63,single set of methods,10,15,Webhannet63-15,0.872155474,0.101232874,,,
Vincent_and_Dionne_2023,Webhannet,Webhannet63,single set of methods,15,20,Webhannet63-20,1.374820974,0.134868926,,,
Vincent_and_Dionne_2023,Webhannet,Webhannet64,single set of methods,0,5,Webhannet64-5,0.519971356,0.044293552,,,
Vincent_and_Dionne_2023,Webhannet,Webhannet64,single set of methods,5,10,Webhannet64-10,0.631962126,0.059834631,,,
Vincent_and_Dionne_2023,Webhannet,Webhannet64,single set of methods,10,15,Webhannet64-15,0.66925923,0.061741017,,,
Vincent_and_Dionne_2023,Webhannet,Webhannet64,single set of methods,15,20,Webhannet64-20,0.699494749,0.05883971,,,
Vincent_and_Dionne_2023,Webhannet,Webhannet65,single set of methods,0,5,Webhannet65-5,0.834261617,0.102438602,,,
Vincent_and_Dionne_2023,Webhannet,Webhannet65,single set of methods,5,10,Webhannet65-10,0.807706079,0.095325149,,,
Vincent_and_Dionne_2023,Webhannet,Webhannet65,single set of methods,10,15,Webhannet65-15,0.839532941,0.088210193,,,
Vincent_and_Dionne_2023,Webhannet,Webhannet65,single set of methods,15,20,Webhannet65-20,1.470003183,0.134644414,,,
Vincent_and_Dionne_2023,Webhannet,Webhannet66,single set of methods,0,5,Webhannet66-5,0.724558402,0.088276591,,,
Vincent_and_Dionne_2023,Webhannet,Webhannet66,single set of methods,5,10,Webhannet66-10,0.724160567,0.079948376,,,
Vincent_and_Dionne_2023,Webhannet,Webhannet66,single set of methods,10,15,Webhannet66-15,0.64101289,0.068225233,,,
Vincent_and_Dionne_2023,Webhannet,Webhannet66,single set of methods,15,20,Webhannet66-20,0.714612508,0.066571803,,,
Vincent_and_Dionne_2023,Webhannet,Webhannet67,single set of methods,0,5,Webhannet67-5,0.545333386,0.039438094,,,
Vincent_and_Dionne_2023,Webhannet,Webhannet67,single set of methods,5,10,Webhannet67-10,0.578055379,0.023969196,,,
Vincent_and_Dionne_2023,Webhannet,Webhannet67,single set of methods,10,15,Webhannet67-15,0.69651098,0.097929528,,,
Vincent_and_Dionne_2023,Webhannet,Webhannet67,single set of methods,15,20,Webhannet67-20,0.665380331,0.040188642,,,
Vincent_and_Dionne_2023,Webhannet,Webhannet68,single set of methods,0,5,Webhannet68-5,0.533398313,0.042308845,,,
Vincent_and_Dionne_2023,Webhannet,Webhannet68,single set of methods,5,10,Webhannet68-10,0.615849777,0.033035552,,,
Vincent_and_Dionne_2023,Webhannet,Webhannet68,single set of methods,10,15,Webhannet68-15,0.520568109,0.037923855,,,
Vincent_and_Dionne_2023,Webhannet,Webhannet68,single set of methods,15,20,Webhannet68-20,0.61366168,0.038465649,,,
Vincent_and_Dionne_2023,Webhannet,Webhannet69,single set of methods,0,5,Webhannet69-5,0.606003342,0.067981614,,,
Vincent_and_Dionne_2023,Webhannet,Webhannet69,single set of methods,5,10,Webhannet69-10,0.668563017,0.066963465,,,
Vincent_and_Dionne_2023,Webhannet,Webhannet69,single set of methods,10,15,Webhannet69-15,0.669855983,0.059427503,,,
Vincent_and_Dionne_2023,Webhannet,Webhannet69,single set of methods,15,20,Webhannet69-20,0.761358211,0.060140903,,,
Vincent_and_Dionne_2023,Webhannet,Webhannet70,single set of methods,0,5,Webhannet70-5,0.643002069,0.062415709,,,
Vincent_and_Dionne_2023,Webhannet,Webhannet70,single set of methods,5,10,Webhannet70-10,0.491625557,0.031999332,,,
Vincent_and_Dionne_2023,Webhannet,Webhannet70,single set of methods,10,15,Webhannet70-15,0.481281827,0.035455556,,,
Vincent_and_Dionne_2023,Webhannet,Webhannet70,single set of methods,15,20,Webhannet70-20,0.671546785,0.057122743,,,
Vincent_and_Dionne_2023,Webhannet,Webhannet71,single set of methods,0,5,Webhannet71-5,0.683282941,0.096212202,,,
Vincent_and_Dionne_2023,Webhannet,Webhannet71,single set of methods,5,10,Webhannet71-10,0.747831795,0.083922911,,,
Vincent_and_Dionne_2023,Webhannet,Webhannet71,single set of methods,10,15,Webhannet71-15,0.620524348,0.058343016,,,
Vincent_and_Dionne_2023,Webhannet,Webhannet71,single set of methods,15,20,Webhannet71-20,0.726746499,0.075039607,,,
Vincent_and_Dionne_2023,Webhannet,Webhannet72,single set of methods,0,5,Webhannet72-5,0.820635742,0.108303147,,,
Vincent_and_Dionne_2023,Webhannet,Webhannet72,single set of methods,5,10,Webhannet72-10,0.989218651,0.111584849,,,
Vincent_and_Dionne_2023,Webhannet,Webhannet72,single set of methods,10,15,Webhannet72-15,0.709341184,0.061677398,,,
Vincent_and_Dionne_2023,Webhannet,Webhannet72,single set of methods,15,20,Webhannet72-20,1.125576862,0.12221764,,,
Vincent_and_Dionne_2023,Webhannet,Webhannet73,single set of methods,0,5,Webhannet73-5,0.380132081,0.024664798,,,
Vincent_and_Dionne_2023,Webhannet,Webhannet73,single set of methods,5,10,Webhannet73-10,0.52524268,0.051720729,,,
Vincent_and_Dionne_2023,Webhannet,Webhannet73,single set of methods,10,15,Webhannet73-15,0.457312222,0.043656386,,,
Vincent_and_Dionne_2023,Webhannet,Webhannet73,single set of methods,15,20,Webhannet73-20,0.461787874,0.037423751,,,
Vincent_and_Dionne_2023,Webhannet,Webhannet74,single set of methods,0,5,Webhannet74-5,0.492023393,0.050905,,,
Vincent_and_Dionne_2023,Webhannet,Webhannet74,single set of methods,5,10,Webhannet74-10,0.544438256,0.042381514,,,
Vincent_and_Dionne_2023,Webhannet,Webhannet74,single set of methods,10,15,Webhannet74-15,0.431353437,0.033737514,,,
Vincent_and_Dionne_2023,Webhannet,Webhannet74,single set of methods,15,20,Webhannet74-20,0.456019255,0.039426249,,,
Vincent_and_Dionne_2023,Webhannet,Webhannet75,single set of methods,0,5,Webhannet75-5,0.550803628,0.057327466,,,
Vincent_and_Dionne_2023,Webhannet,Webhannet75,single set of methods,5,10,Webhannet75-10,0.472927276,0.045205466,,,
Vincent_and_Dionne_2023,Webhannet,Webhannet75,single set of methods,10,15,Webhannet75-15,0.413749204,0.034684675,,,
Vincent_and_Dionne_2023,Webhannet,Webhannet75,single set of methods,15,20,Webhannet75-20,0.447366327,0.031054838,,,
Vincent_and_Dionne_2023,Webhannet,Webhannet76,single set of methods,0,5,Webhannet76-5,0.313096754,0.024206144,,,
Vincent_and_Dionne_2023,Webhannet,Webhannet76,single set of methods,5,10,Webhannet76-10,0.421208625,0.039100264,,,
Vincent_and_Dionne_2023,Webhannet,Webhannet76,single set of methods,10,15,Webhannet76-15,0.326523711,0.021692826,,,
Vincent_and_Dionne_2023,Webhannet,Webhannet76,single set of methods,15,20,Webhannet76-20,0.51012492,0.045487278,,,
Vincent_and_Dionne_2023,Webhannet,Webhannet77,single set of methods,0,5,Webhannet77-5,0.436525302,0.052695083,,,
Vincent_and_Dionne_2023,Webhannet,Webhannet77,single set of methods,5,10,Webhannet77-10,0.479988861,0.046078118,,,
Vincent_and_Dionne_2023,Webhannet,Webhannet77,single set of methods,10,15,Webhannet77-15,0.709540102,0.068202311,,,
Vincent_and_Dionne_2023,Webhannet,Webhannet77,single set of methods,15,20,Webhannet77-20,0.405195735,0.035231873,,,
Vincent_and_Dionne_2023,Webhannet,Webhannet78,single set of methods,0,5,Webhannet78-5,0.359046785,0.032502874,,,
Vincent_and_Dionne_2023,Webhannet,Webhannet78,single set of methods,5,10,Webhannet78-10,0.558561426,0.068214595,,,
Vincent_and_Dionne_2023,Webhannet,Webhannet78,single set of methods,10,15,Webhannet78-15,0.512313017,0.05418868,,,
Vincent_and_Dionne_2023,Webhannet,Webhannet78,single set of methods,15,20,Webhannet78-20,0.388486633,0.040144931,,,
Vincent_and_Dionne_2023,Webhannet,Webhannet79,single set of methods,0,5,Webhannet79-5,0.435729631,0.027632328,,,
Vincent_and_Dionne_2023,Webhannet,Webhannet79,single set of methods,5,10,Webhannet79-10,0.403306015,0.035879478,,,
Vincent_and_Dionne_2023,Webhannet,Webhannet79,single set of methods,10,15,Webhannet79-15,0.377844526,0.028221936,,,
Vincent_and_Dionne_2023,Webhannet,Webhannet79,single set of methods,15,20,Webhannet79-20,0.454129535,0.034663366,,,
Vincent_and_Dionne_2023,Webhannet,Webhannet80,single set of methods,0,5,Webhannet80-5,0.416434596,0.04212237,,,
Vincent_and_Dionne_2023,Webhannet,Webhannet80,single set of methods,5,10,Webhannet80-10,0.42260105,0.040203553,,,
Vincent_and_Dionne_2023,Webhannet,Webhannet80,single set of methods,10,15,Webhannet80-15,0.466462444,0.038012974,,,
Vincent_and_Dionne_2023,Webhannet,Webhannet80,single set of methods,15,20,Webhannet80-20,0.475811585,0.035636646,,,
Vincent_and_Dionne_2023,Webhannet,Webhannet81,single set of methods,0,5,Webhannet81-5,0.335972311,0.026869438,,,
Vincent_and_Dionne_2023,Webhannet,Webhannet81,single set of methods,5,10,Webhannet81-10,0.364019733,0.025194802,,,
Vincent_and_Dionne_2023,Webhannet,Webhannet81,single set of methods,10,15,Webhannet81-15,0.459201941,0.040437046,,,
Vincent_and_Dionne_2023,Webhannet,Webhannet81,single set of methods,15,20,Webhannet81-20,0.467655952,0.043719801,,,
Vincent_and_Dionne_2023,Webhannet,Webhannet82,single set of methods,0,5,Webhannet82-5,0.430657225,0.042974945,,,
Vincent_and_Dionne_2023,Webhannet,Webhannet82,single set of methods,5,10,Webhannet82-10,0.460395449,0.045904537,,,
Vincent_and_Dionne_2023,Webhannet,Webhannet82,single set of methods,10,15,Webhannet82-15,0.465368396,0.03937479,,,
Vincent_and_Dionne_2023,Webhannet,Webhannet82,single set of methods,15,20,Webhannet82-20,0.478298059,0.0447147,,,
Vincent_and_Dionne_2023,Webhannet,Webhannet83,single set of methods,0,5,Webhannet83-5,0.388486633,0.026459749,,,
Vincent_and_Dionne_2023,Webhannet,Webhannet83,single set of methods,5,10,Webhannet83-10,0.529817791,0.046611899,,,
Vincent_and_Dionne_2023,Webhannet,Webhannet83,single set of methods,10,15,Webhannet83-15,0.630569701,0.049551346,,,
Vincent_and_Dionne_2023,Webhannet,Webhannet83,single set of methods,15,20,Webhannet83-20,0.715905474,0.058164463,,,
Vincent_and_Dionne_2023,Webhannet,Webhannet84,single set of methods,0,5,Webhannet84-5,0.600433641,0.052380495,,,
Vincent_and_Dionne_2023,Webhannet,Webhannet84,single set of methods,5,10,Webhannet84-10,0.520667568,0.035101094,,,
Vincent_and_Dionne_2023,Webhannet,Webhannet84,single set of methods,10,15,Webhannet84-15,0.527430777,0.038380663,,,
Vincent_and_Dionne_2023,Webhannet,Webhannet84,single set of methods,15,20,Webhannet84-20,0.731023234,0.065935769,,,
Vincent_and_Dionne_2023,Webhannet,Webhannet85,single set of methods,0,5,Webhannet85-5,0.447764163,0.040773407,,,
Vincent_and_Dionne_2023,Webhannet,Webhannet85,single set of methods,5,10,Webhannet85-10,0.459798695,0.04137774,,,
Vincent_and_Dionne_2023,Webhannet,Webhannet85,single set of methods,10,15,Webhannet85-15,0.505549809,0.048032323,,,
Vincent_and_Dionne_2023,Webhannet,Webhannet85,single set of methods,15,20,Webhannet85-20,0.48008832,0.044131489,,,
Vincent_and_Dionne_2023,Webhannet,Webhannet86,single set of methods,0,5,Webhannet86-5,0.506544398,0.059383294,,,
Vincent_and_Dionne_2023,Webhannet,Webhannet86,single set of methods,5,10,Webhannet86-10,0.494410407,0.046790781,,,
Vincent_and_Dionne_2023,Webhannet,Webhannet86,single set of methods,10,15,Webhannet86-15,0.509329249,0.051581689,,,
Vincent_and_Dionne_2023,Webhannet,Webhannet86,single set of methods,15,20,Webhannet86-20,0.493913113,0.037174321,,,
Vincent_and_Dionne_2023,Webhannet,Webhannet87,single set of methods,0,5,Webhannet87-5,0.440105824,0.049935831,,,
Vincent_and_Dionne_2023,Webhannet,Webhannet87,single set of methods,5,10,Webhannet87-10,0.487846117,0.051439572,,,
Vincent_and_Dionne_2023,Webhannet,Webhannet87,single set of methods,10,15,Webhannet87-15,0.57885105,0.065175197,,,
Vincent_and_Dionne_2023,Webhannet,Webhannet87,single set of methods,15,20,Webhannet87-20,0.560351687,0.0492061,,,
Vincent_and_Dionne_2023,Webhannet,Webhannet88,single set of methods,0,5,Webhannet88-5,0.437320974,0.041946053,,,
Vincent_and_Dionne_2023,Webhannet,Webhannet88,single set of methods,5,10,Webhannet88-10,0.446968491,0.035178559,,,
Vincent_and_Dionne_2023,Webhannet,Webhannet88,single set of methods,10,15,Webhannet88-15,0.483072088,0.035034181,,,
Vincent_and_Dionne_2023,Webhannet,Webhannet88,single set of methods,15,20,Webhannet88-20,0.579049968,0.052061672,,,
Vincent_and_Dionne_2023,Webhannet,Webhannet89,single set of methods,0,5,Webhannet89-5,0.36799809,0.033903429,,,
Vincent_and_Dionne_2023,Webhannet,Webhannet89,single set of methods,5,10,Webhannet89-10,0.727741088,0.088936147,,,
Vincent_and_Dionne_2023,Webhannet,Webhannet89,single set of methods,10,15,Webhannet89-15,0.517385423,0.053208688,,,
Vincent_and_Dionne_2023,Webhannet,Webhannet89,single set of methods,15,20,Webhannet89-20,0.465070019,0.04202419,,,
Vincent_and_Dionne_2023,Webhannet,Webhannet90,single set of methods,0,5,Webhannet90-5,0.494708784,0.06051921,,,
Vincent_and_Dionne_2023,Webhannet,Webhannet90,single set of methods,5,10,Webhannet90-10,0.593769892,0.07411671,,,
Vincent_and_Dionne_2023,Webhannet,Webhannet90,single set of methods,10,15,Webhannet90-15,0.392663908,0.043626763,,,
Vincent_and_Dionne_2023,Webhannet,Webhannet90,single set of methods,15,20,Webhannet90-20,0.37277212,0.031892176,,,
Vincent_and_Dionne_2023,Webhannet,Webhannet91,single set of methods,0,5,Webhannet91-5,0.6155514,0.062415376,,,
Vincent_and_Dionne_2023,Webhannet,Webhannet91,single set of methods,5,10,Webhannet91-10,0.476706715,0.031670337,,,
Vincent_and_Dionne_2023,Webhannet,Webhannet91,single set of methods,10,15,Webhannet91-15,0.836847549,0.071011711,,,
Vincent_and_Dionne_2023,Webhannet,Webhannet91,single set of methods,15,20,Webhannet91-20,1.407244589,0.103324902,,,
Vincent_and_Dionne_2023,Webhannet,Webhannet92,single set of methods,0,5,Webhannet92-5,0.442592298,0.028825875,,,
Vincent_and_Dionne_2023,Webhannet,Webhannet92,single set of methods,5,10,Webhannet92-10,0.449454965,0.040058933,,,
Vincent_and_Dionne_2023,Webhannet,Webhannet92,single set of methods,10,15,Webhannet92-15,0.531508593,0.047415882,,,
Vincent_and_Dionne_2023,Webhannet,Webhannet92,single set of methods,15,20,Webhannet92-20,0.585017505,0.062579639,,,
Vincent_and_Dionne_2023,Webhannet,Webhannet93,single set of methods,0,5,Webhannet93-5,0.485459102,0.059508555,,,
Vincent_and_Dionne_2023,Webhannet,Webhannet93,single set of methods,5,10,Webhannet93-10,0.543841502,0.058242428,,,
Vincent_and_Dionne_2023,Webhannet,Webhannet93,single set of methods,10,15,Webhannet93-15,0.390774188,0.034909149,,,
Vincent_and_Dionne_2023,Webhannet,Webhannet93,single set of methods,15,20,Webhannet93-20,0.379634787,0.030112411,,,
Vincent_and_Dionne_2023,Webhannet,Webhannet94,single set of methods,0,5,Webhannet94-5,0.414843253,0.038082732,,,
Vincent_and_Dionne_2023,Webhannet,Webhannet94,single set of methods,5,10,Webhannet94-10,0.444780395,0.041288402,,,
Vincent_and_Dionne_2023,Webhannet,Webhannet94,single set of methods,10,15,Webhannet94-15,0.471833227,0.049809595,,,
Vincent_and_Dionne_2023,Webhannet,Webhannet94,single set of methods,15,20,Webhannet94-20,0.456019255,0.038546327,,,
Vincent_and_Dionne_2023,Webhannet,Webhannet95,single set of methods,0,5,Webhannet95-5,0.426977244,0.031507395,,,
Vincent_and_Dionne_2023,Webhannet,Webhannet95,single set of methods,5,10,Webhannet95-10,0.499084978,0.039505324,,,
Vincent_and_Dionne_2023,Webhannet,Webhannet95,single set of methods,10,15,Webhannet95-15,0.722270847,0.053238527,,,
Vincent_and_Dionne_2023,Webhannet,Webhannet95,single set of methods,15,20,Webhannet95-20,0.734305379,0.067741704,,,
Vincent_and_Dionne_2023,Webhannet,Webhannet96,single set of methods,0,5,Webhannet96-5,0.50356063,0.043888141,,,
Vincent_and_Dionne_2023,Webhannet,Webhannet96,single set of methods,5,10,Webhannet96-10,0.422700509,0.025048706,,,
Vincent_and_Dionne_2023,Webhannet,Webhannet96,single set of methods,10,15,Webhannet96-15,0.494310948,0.04334595,,,
Vincent_and_Dionne_2023,Webhannet,Webhannet96,single set of methods,15,20,Webhannet96-20,0.562241407,0.051012749,,,
Vincent_and_Dionne_2023,Webhannet,Webhannet97,single set of methods,0,5,Webhannet97-5,0.514998409,0.048251679,,,
Vincent_and_Dionne_2023,Webhannet,Webhannet97,single set of methods,5,10,Webhannet97-10,0.479292648,0.040493905,,,
Vincent_and_Dionne_2023,Webhannet,Webhannet97,single set of methods,10,15,Webhannet97-15,0.515595162,0.045402999,,,
Vincent_and_Dionne_2023,Webhannet,Webhannet97,single set of methods,15,20,Webhannet97-20,0.630171865,0.061923271,,,
Vincent_and_Dionne_2023,Webhannet,Webhannet98,single set of methods,0,5,Webhannet98-5,0.437420433,0.044533778,,,
Vincent_and_Dionne_2023,Webhannet,Webhannet98,single set of methods,5,10,Webhannet98-10,0.429961012,0.038091775,,,
Vincent_and_Dionne_2023,Webhannet,Webhannet98,single set of methods,10,15,Webhannet98-15,0.467158657,0.03950709,,,
Vincent_and_Dionne_2023,Webhannet,Webhannet98,single set of methods,15,20,Webhannet98-20,0.634846435,0.057234855,,,
Vincent_and_Dionne_2023,Webhannet,Webhannet99,single set of methods,0,5,Webhannet99-5,0.320257798,0.028385937,,,
Vincent_and_Dionne_2023,Webhannet,Webhannet99,single set of methods,5,10,Webhannet99-10,0.34353119,0.028431831,,,
Vincent_and_Dionne_2023,Webhannet,Webhannet99,single set of methods,10,15,Webhannet99-15,0.378839115,0.031354037,,,
Vincent_and_Dionne_2023,Webhannet,Webhannet99,single set of methods,15,20,Webhannet99-20,0.580541852,0.059344477,,,
Vincent_and_Dionne_2023,Webhannet,Webhannet100,single set of methods,0,5,Webhannet100-5,0.447764163,0.045919399,,,
Vincent_and_Dionne_2023,Webhannet,Webhannet100,single set of methods,5,10,Webhannet100-10,0.478795353,0.055634262,,,
Vincent_and_Dionne_2023,Webhannet,Webhannet100,single set of methods,10,15,Webhannet100-15,0.408179504,0.042163082,,,
Vincent_and_Dionne_2023,Webhannet,Webhannet100,single set of methods,15,20,Webhannet100-20,0.449256047,0.033776436,,,
Vincent_and_Dionne_2023,Drakes Island,Drakes Island1,single set of methods,0,5,Drakes Island1-5,0.97986951,0.083537781,,,
Vincent_and_Dionne_2023,Drakes Island,Drakes Island1,single set of methods,5,10,Drakes Island1-10,0.603516868,0.102252474,,,
Vincent_and_Dionne_2023,Drakes Island,Drakes Island1,single set of methods,10,15,Drakes Island1-15,0.870961967,0.076415217,,,
Vincent_and_Dionne_2023,Drakes Island,Drakes Island1,single set of methods,15,20,Drakes Island1-20,0.689747772,0.051518607,,,
Vincent_and_Dionne_2023,Drakes Island,Drakes Island2,single set of methods,0,5,Drakes Island2-5,0.592377467,0.079965054,,,
Vincent_and_Dionne_2023,Drakes Island,Drakes Island2,single set of methods,5,10,Drakes Island2-10,0.743853437,0.089577663,,,
Vincent_and_Dionne_2023,Drakes Island,Drakes Island2,single set of methods,10,15,Drakes Island2-15,0.691538033,0.055437568,,,
Vincent_and_Dionne_2023,Drakes Island,Drakes Island2,single set of methods,15,20,Drakes Island2-20,0.646980426,0.075685971,,,
Vincent_and_Dionne_2023,Drakes Island,Drakes Island3,single set of methods,0,5,Drakes Island3-5,0.59396881,0.063603207,,,
Vincent_and_Dionne_2023,Drakes Island,Drakes Island3,single set of methods,5,10,Drakes Island3-10,0.520468651,0.047763038,,,
Vincent_and_Dionne_2023,Drakes Island,Drakes Island3,single set of methods,10,15,Drakes Island3-15,0.519672979,0.049986349,,,
Vincent_and_Dionne_2023,Drakes Island,Drakes Island3,single set of methods,15,20,Drakes Island3-20,0.538769096,0.043552932,,,
Vincent_and_Dionne_2023,Drakes Island,Drakes Island4,single set of methods,0,5,Drakes Island4-5,0.520866486,0.128163266,,,
Vincent_and_Dionne_2023,Drakes Island,Drakes Island4,single set of methods,5,10,Drakes Island4-10,0.569800286,0.091566603,,,
Vincent_and_Dionne_2023,Drakes Island,Drakes Island4,single set of methods,10,15,Drakes Island4-15,0.656627944,0.087389174,,,
Vincent_and_Dionne_2023,Drakes Island,Drakes Island4,single set of methods,15,20,Drakes Island4-20,0.495703374,0.076842569,,,
Vincent_and_Dionne_2023,Drakes Island,Drakes Island5,single set of methods,0,5,Drakes Island5-5,0.526237269,0.120017666,,,
Vincent_and_Dionne_2023,Drakes Island,Drakes Island5,single set of methods,5,10,Drakes Island5-10,0.528425366,0.121463204,,,
Vincent_and_Dionne_2023,Drakes Island,Drakes Island5,single set of methods,10,15,Drakes Island5-15,0.690443985,0.080016988,,,
Vincent_and_Dionne_2023,Drakes Island,Drakes Island5,single set of methods,15,20,Drakes Island5-20,0.898611553,0.04346526,,,
Vincent_and_Dionne_2023,Drakes Island,Drakes Island6,single set of methods,0,5,Drakes Island6-5,0.530215627,0.116488638,,,
Vincent_and_Dionne_2023,Drakes Island,Drakes Island6,single set of methods,5,10,Drakes Island6-10,0.530016709,0.107726455,,,
Vincent_and_Dionne_2023,Drakes Island,Drakes Island6,single set of methods,10,15,Drakes Island6-15,0.682785646,0.102622007,,,
Vincent_and_Dionne_2023,Drakes Island,Drakes Island6,single set of methods,15,20,Drakes Island6-20,0.931631922,0.085595249,,,
Vincent_and_Dionne_2023,Drakes Island,Drakes Island7,single set of methods,0,5,Drakes Island7-5,0.860817155,0.032565382,,,
Vincent_and_Dionne_2023,Drakes Island,Drakes Island7,single set of methods,5,10,Drakes Island7-10,1.069084182,0.063410625,,,
Vincent_and_Dionne_2023,Drakes Island,Drakes Island7,single set of methods,10,15,Drakes Island7-15,0.82262492,0.107753625,,,
Vincent_and_Dionne_2023,Drakes Island,Drakes Island7,single set of methods,15,20,Drakes Island7-20,1.159790738,0.072584298,,,
Vincent_and_Dionne_2023,Drakes Island,Drakes Island8,single set of methods,0,5,Drakes Island8-5,1.171526894,0.013911322,,,
Vincent_and_Dionne_2023,Drakes Island,Drakes Island8,single set of methods,5,10,Drakes Island8-10,0.952319383,0.057922093,,,
Vincent_and_Dionne_2023,Drakes Island,Drakes Island8,single set of methods,10,15,Drakes Island8-15,1.110459102,0.059563152,,,
Vincent_and_Dionne_2023,Drakes Island,Drakes Island8,single set of methods,15,20,Drakes Island8-20,1.02790818,0.077906654,,,
Vincent_and_Dionne_2023,Drakes Island,Drakes Island9,single set of methods,0,5,Drakes Island9-5,0.888665659,0.079165885,,,
Vincent_and_Dionne_2023,Drakes Island,Drakes Island9,single set of methods,5,10,Drakes Island9-10,0.820934118,0.074658175,,,
Vincent_and_Dionne_2023,Drakes Island,Drakes Island9,single set of methods,10,15,Drakes Island9-15,1.202657543,0.062259096,,,
Vincent_and_Dionne_2023,Drakes Island,Drakes Island9,single set of methods,15,20,Drakes Island9-20,0.92337683,0.071678091,,,
Vincent_and_Dionne_2023,Drakes Island,Drakes Island10,single set of methods,0,5,Drakes Island10-5,0.919995226,0.12517915,,,
Vincent_and_Dionne_2023,Drakes Island,Drakes Island10,single set of methods,5,10,Drakes Island10-10,1.069084182,0.067711685,,,
Vincent_and_Dionne_2023,Drakes Island,Drakes Island10,single set of methods,10,15,Drakes Island10-15,0.980167887,0.06860308,,,
Vincent_and_Dionne_2023,Drakes Island,Drakes Island10,single set of methods,15,20,Drakes Island10-20,1.061425843,0.115112859,,,
Vincent_and_Dionne_2023,Drakes Island,Drakes Island11,single set of methods,0,5,Drakes Island11-5,0.873647358,0.084043217,,,
Vincent_and_Dionne_2023,Drakes Island,Drakes Island11,single set of methods,5,10,Drakes Island11-10,0.833465945,0.056021556,,,
Vincent_and_Dionne_2023,Drakes Island,Drakes Island11,single set of methods,10,15,Drakes Island11-15,0.859026894,0.059272965,,,
Vincent_and_Dionne_2023,Drakes Island,Drakes Island11,single set of methods,15,20,Drakes Island11-20,0.867779281,0.057273008,,,
Vincent_and_Dionne_2023,Drakes Island,Drakes Island12,single set of methods,0,5,Drakes Island12-5,0.584420751,0.082547076,,,
Vincent_and_Dionne_2023,Drakes Island,Drakes Island12,single set of methods,5,10,Drakes Island12-10,0.676022438,0.065387743,,,
Vincent_and_Dionne_2023,Drakes Island,Drakes Island12,single set of methods,10,15,Drakes Island12-15,0.694919637,0.054990786,,,
Vincent_and_Dionne_2023,Drakes Island,Drakes Island12,single set of methods,15,20,Drakes Island12-20,0.83396324,0.04315711,,,
Vincent_and_Dionne_2023,Drakes Island,Drakes Island13,single set of methods,0,5,Drakes Island13-5,1.018857416,0.068789163,,,
Vincent_and_Dionne_2023,Drakes Island,Drakes Island13,single set of methods,5,10,Drakes Island13-10,1.058541534,0.072055136,,,
Vincent_and_Dionne_2023,Drakes Island,Drakes Island13,single set of methods,10,15,Drakes Island13-15,0.906767187,0.042830235,,,
Vincent_and_Dionne_2023,Drakes Island,Drakes Island13,single set of methods,15,20,Drakes Island13-20,0.959480426,0.056170261,,,
Vincent_and_Dionne_2023,Drakes Island,Drakes Island14,single set of methods,0,5,Drakes Island14-5,0.680796467,0.074456433,,,
Vincent_and_Dionne_2023,Drakes Island,Drakes Island14,single set of methods,5,10,Drakes Island14-10,0.670253819,0.085091716,,,
Vincent_and_Dionne_2023,Drakes Island,Drakes Island14,single set of methods,10,15,Drakes Island14-15,0.805915818,0.080382265,,,
Vincent_and_Dionne_2023,Drakes Island,Drakes Island14,single set of methods,15,20,Drakes Island14-20,0.890853756,0.097318795,,,
Vincent_and_Dionne_2023,Drakes Island,Drakes Island15,single set of methods,0,5,Drakes Island15-5,0.717795194,0.03751948,,,
Vincent_and_Dionne_2023,Drakes Island,Drakes Island15,single set of methods,5,10,Drakes Island15-10,0.583823997,0.035892342,,,
Vincent_and_Dionne_2023,Drakes Island,Drakes Island15,single set of methods,10,15,Drakes Island15-15,0.562738701,0.03846406,,,
Vincent_and_Dionne_2023,Drakes Island,Drakes Island15,single set of methods,15,20,Drakes Island15-20,0.691140197,0.05022852,,,
Vincent_and_Dionne_2023,Drakes Island,Drakes Island16,single set of methods,0,5,Drakes Island16-5,1.175505251,0.061834945,,,
Vincent_and_Dionne_2023,Drakes Island,Drakes Island16,single set of methods,5,10,Drakes Island16-10,1.097728358,0.055639839,,,
Vincent_and_Dionne_2023,Drakes Island,Drakes Island16,single set of methods,10,15,Drakes Island16-15,0.833167568,0.063269094,,,
Vincent_and_Dionne_2023,Drakes Island,Drakes Island16,single set of methods,15,20,Drakes Island16-20,0.583525621,0.073227261,,,
Vincent_and_Dionne_2023,Drakes Island,Drakes Island17,single set of methods,0,5,Drakes Island17-5,1.380092298,0.032468646,,,
Vincent_and_Dionne_2023,Drakes Island,Drakes Island17,single set of methods,5,10,Drakes Island17-10,1.338419001,0.028682376,,,
Vincent_and_Dionne_2023,Drakes Island,Drakes Island17,single set of methods,10,15,Drakes Island17-15,0.907562858,0.053176603,,,
Vincent_and_Dionne_2023,Drakes Island,Drakes Island17,single set of methods,15,20,Drakes Island17-20,0.961270687,0.054677354,,,
Vincent_and_Dionne_2023,Drakes Island,Drakes Island18,single set of methods,0,5,Drakes Island18-5,0.808601209,0.043363273,,,
Vincent_and_Dionne_2023,Drakes Island,Drakes Island18,single set of methods,5,10,Drakes Island18-10,0.739576703,0.037455473,,,
Vincent_and_Dionne_2023,Drakes Island,Drakes Island18,single set of methods,10,15,Drakes Island18-15,0.733907543,0.03629597,,,
Vincent_and_Dionne_2023,Drakes Island,Drakes Island18,single set of methods,15,20,Drakes Island18-20,0.624403246,0.028786899,,,
Vincent_and_Dionne_2023,Drakes Island,Drakes Island19,single set of methods,0,5,Drakes Island19-5,0.402808721,0.018096718,,,
Vincent_and_Dionne_2023,Drakes Island,Drakes Island19,single set of methods,5,10,Drakes Island19-10,0.434735041,0.0487693,,,
Vincent_and_Dionne_2023,Drakes Island,Drakes Island19,single set of methods,10,15,Drakes Island19-15,0.450747931,0.056931008,,,
Vincent_and_Dionne_2023,Drakes Island,Drakes Island19,single set of methods,15,20,Drakes Island19-20,0.571888924,0.055117991,,,
Vincent_and_Dionne_2023,Drakes Island,Drakes Island20,single set of methods,0,5,Drakes Island20-5,0.424092934,0.064782929,,,
Vincent_and_Dionne_2023,Drakes Island,Drakes Island20,single set of methods,5,10,Drakes Island20-10,0.597250955,0.028101712,,,
Vincent_and_Dionne_2023,Drakes Island,Drakes Island20,single set of methods,10,15,Drakes Island20-15,0.694223425,0.030189955,,,
Vincent_and_Dionne_2023,Drakes Island,Drakes Island20,single set of methods,15,20,Drakes Island20-20,0.733609166,0.034567223,,,
Vincent_and_Dionne_2023,Drakes Island,Drakes Island21,single set of methods,0,5,Drakes Island21-5,0.527828612,0.054782929,,,
Vincent_and_Dionne_2023,Drakes Island,Drakes Island21,single set of methods,5,10,Drakes Island21-10,0.482077498,0.086092419,,,
Vincent_and_Dionne_2023,Drakes Island,Drakes Island21,single set of methods,10,15,Drakes Island21-15,0.610379535,0.056513491,,,
Vincent_and_Dionne_2023,Drakes Island,Drakes Island21,single set of methods,15,20,Drakes Island21-20,0.616148154,0.073976667,,,
Vincent_and_Dionne_2023,Drakes Island,Drakes Island22,single set of methods,0,5,Drakes Island22-5,0.498488224,0.030242391,,,
Vincent_and_Dionne_2023,Drakes Island,Drakes Island22,single set of methods,5,10,Drakes Island22-10,0.495504456,0.036236345,,,
Vincent_and_Dionne_2023,Drakes Island,Drakes Island22,single set of methods,10,15,Drakes Island22-15,0.343829567,0.037390411,,,
Vincent_and_Dionne_2023,Drakes Island,Drakes Island22,single set of methods,15,20,Drakes Island22-20,0.467059198,0.044619375,,,
Vincent_and_Dionne_2023,Drakes Island,Drakes Island23,single set of methods,0,5,Drakes Island23-5,0.422203215,0.034742606,,,
Vincent_and_Dionne_2023,Drakes Island,Drakes Island23,single set of methods,5,10,Drakes Island23-10,0.489139083,0.074459113,,,
Vincent_and_Dionne_2023,Drakes Island,Drakes Island23,single set of methods,10,15,Drakes Island23-15,0.68805697,0.067814791,,,
Vincent_and_Dionne_2023,Drakes Island,Drakes Island23,single set of methods,15,20,Drakes Island23-20,0.568208943,0.066016085,,,
Vincent_and_Dionne_2023,Drakes Island,Drakes Island24,single set of methods,0,5,Drakes Island24-5,0.429563176,0.058009212,,,
Vincent_and_Dionne_2023,Drakes Island,Drakes Island24,single set of methods,5,10,Drakes Island24-10,0.419020528,0.057264838,,,
Vincent_and_Dionne_2023,Drakes Island,Drakes Island24,single set of methods,10,15,Drakes Island24-15,0.511815722,0.059646105,,,
Vincent_and_Dionne_2023,Drakes Island,Drakes Island24,single set of methods,15,20,Drakes Island24-20,0.508235201,0.055675857,,,
Vincent_and_Dionne_2023,Drakes Island,Drakes Island25,single set of methods,0,5,Drakes Island25-5,1.188932209,0.033561707,,,
Vincent_and_Dionne_2023,Drakes Island,Drakes Island25,single set of methods,5,10,Drakes Island25-10,0.680299173,0.033008102,,,
Vincent_and_Dionne_2023,Drakes Island,Drakes Island25,single set of methods,10,15,Drakes Island25-15,0.718988701,0.029610173,,,
Vincent_and_Dionne_2023,Drakes Island,Drakes Island25,single set of methods,15,20,Drakes Island25-20,0.712026575,0.030614658,,,
Vincent_and_Dionne_2023,Drakes Island,Drakes Island26,single set of methods,0,5,Drakes Island26-5,0.700787715,0.050644746,,,
Vincent_and_Dionne_2023,Drakes Island,Drakes Island26,single set of methods,5,10,Drakes Island26-10,0.55249443,0.056062067,,,
Vincent_and_Dionne_2023,Drakes Island,Drakes Island26,single set of methods,10,15,Drakes Island26-15,0.586708307,0.050660906,,,
Vincent_and_Dionne_2023,Drakes Island,Drakes Island26,single set of methods,15,20,Drakes Island26-20,0.623607575,0.057823643,,,
Vincent_and_Dionne_2023,Drakes Island,Drakes Island27,single set of methods,0,5,Drakes Island27-5,0.596952578,0.016689566,,,
Vincent_and_Dionne_2023,Drakes Island,Drakes Island27,single set of methods,5,10,Drakes Island27-10,0.558959262,0.039361872,,,
Vincent_and_Dionne_2023,Drakes Island,Drakes Island27,single set of methods,10,15,Drakes Island27-15,0.616446531,0.02089523,,,
Vincent_and_Dionne_2023,Drakes Island,Drakes Island27,single set of methods,15,20,Drakes Island27-20,0.722768141,0.040781637,,,
Vincent_and_Dionne_2023,Drakes Island,Drakes Island28,single set of methods,0,5,Drakes Island28-5,0.685471038,0.021586311,,,
Vincent_and_Dionne_2023,Drakes Island,Drakes Island28,single set of methods,5,10,Drakes Island28-10,0.620424889,0.023890793,,,
Vincent_and_Dionne_2023,Drakes Island,Drakes Island28,single set of methods,10,15,Drakes Island28-15,0.583426162,0.021753536,,,
Vincent_and_Dionne_2023,Drakes Island,Drakes Island28,single set of methods,15,20,Drakes Island28-20,0.512511935,0.026281732,,,
Vincent_and_Dionne_2023,Drakes Island,Drakes Island29,single set of methods,0,5,Drakes Island29-5,0.461091661,0.019680316,,,
Vincent_and_Dionne_2023,Drakes Island,Drakes Island29,single set of methods,5,10,Drakes Island29-10,0.5515993,0.03710841,,,
Vincent_and_Dionne_2023,Drakes Island,Drakes Island29,single set of methods,10,15,Drakes Island29-15,0.437818269,0.049103598,,,
Vincent_and_Dionne_2023,Drakes Island,Drakes Island29,single set of methods,15,20,Drakes Island29-20,0.390077976,0.0840895,,,
Vincent_and_Dionne_2023,Drakes Island,Drakes Island30,single set of methods,0,5,Drakes Island30-5,0.447565245,0.01042147,,,
Vincent_and_Dionne_2023,Drakes Island,Drakes Island30,single set of methods,5,10,Drakes Island30-10,0.415539465,0.02910178,,,
Vincent_and_Dionne_2023,Drakes Island,Drakes Island30,single set of methods,10,15,Drakes Island30-15,0.449156588,0.035616265,,,
Vincent_and_Dionne_2023,Drakes Island,Drakes Island30,single set of methods,15,20,Drakes Island30-20,0.550107416,0.028593782,,,
Vincent_and_Dionne_2023,Drakes Island,Drakes Island31,single set of methods,0,5,Drakes Island31-5,0.904479631,0.05996799,,,
Vincent_and_Dionne_2023,Drakes Island,Drakes Island31,single set of methods,5,10,Drakes Island31-10,0.788212126,0.067258834,,,
Vincent_and_Dionne_2023,Drakes Island,Drakes Island31,single set of methods,10,15,Drakes Island31-15,0.639620465,0.045217079,,,
Vincent_and_Dionne_2023,Drakes Island,Drakes Island31,single set of methods,15,20,Drakes Island31-20,0.633056174,0.037082496,,,
Vincent_and_Dionne_2023,Drakes Island,Drakes Island32,single set of methods,0,5,Drakes Island32-5,0.722270847,0.017290651,,,
Vincent_and_Dionne_2023,Drakes Island,Drakes Island32,single set of methods,5,10,Drakes Island32-10,0.715109803,0.024648886,,,
Vincent_and_Dionne_2023,Drakes Island,Drakes Island32,single set of methods,10,15,Drakes Island32-15,0.845401018,0.038661383,,,
Vincent_and_Dionne_2023,Drakes Island,Drakes Island32,single set of methods,15,20,Drakes Island32-20,0.734007002,0.033491276,,,
Vincent_and_Dionne_2023,Drakes Island,Drakes Island33,single set of methods,0,5,Drakes Island33-5,0.579547263,0.047965393,,,
Vincent_and_Dionne_2023,Drakes Island,Drakes Island33,single set of methods,5,10,Drakes Island33-10,0.529121579,0.036529737,,,
Vincent_and_Dionne_2023,Drakes Island,Drakes Island33,single set of methods,10,15,Drakes Island33-15,0.528425366,0.035615146,,,
Vincent_and_Dionne_2023,Drakes Island,Drakes Island33,single set of methods,15,20,Drakes Island33-20,0.605406588,0.04672677,,,
Vincent_and_Dionne_2023,Drakes Island,Drakes Island34,single set of methods,0,5,Drakes Island34-5,0.899407225,0.051852894,,,
Vincent_and_Dionne_2023,Drakes Island,Drakes Island34,single set of methods,5,10,Drakes Island34-10,0.857037715,0.012318625,,,
Vincent_and_Dionne_2023,Drakes Island,Drakes Island34,single set of methods,10,15,Drakes Island34-15,0.812877944,0.050617054,,,
Vincent_and_Dionne_2023,Drakes Island,Drakes Island34,single set of methods,15,20,Drakes Island34-20,0.77468571,0.026182327,,,
Vincent_and_Dionne_2023,Drakes Island,Drakes Island35,single set of methods,0,5,Drakes Island35-5,0.599936346,0.059431912,,,
Vincent_and_Dionne_2023,Drakes Island,Drakes Island35,single set of methods,5,10,Drakes Island35-10,0.535685869,0.013114965,,,
Vincent_and_Dionne_2023,Drakes Island,Drakes Island35,single set of methods,10,15,Drakes Island35-15,0.561346276,0.015180359,,,
Vincent_and_Dionne_2023,Drakes Island,Drakes Island35,single set of methods,15,20,Drakes Island35-20,0.611771961,0.028623844,,,
Vincent_and_Dionne_2023,Drakes Island,Drakes Island36,single set of methods,0,5,Drakes Island36-5,0.811982813,0.014904129,,,
Vincent_and_Dionne_2023,Drakes Island,Drakes Island36,single set of methods,5,10,Drakes Island36-10,0.729034055,0.03641593,,,
Vincent_and_Dionne_2023,Drakes Island,Drakes Island36,single set of methods,10,15,Drakes Island36-15,0.653047422,0.032579907,,,
Vincent_and_Dionne_2023,Drakes Island,Drakes Island36,single set of methods,15,20,Drakes Island36-20,0.828791375,0.033841753,,,
Vincent_and_Dionne_2023,Drakes Island,Drakes Island37,single set of methods,0,5,Drakes Island37-5,0.962961489,0.032106913,,,
Vincent_and_Dionne_2023,Drakes Island,Drakes Island37,single set of methods,5,10,Drakes Island37-10,1.026615213,0.051435167,,,
Vincent_and_Dionne_2023,Drakes Island,Drakes Island37,single set of methods,10,15,Drakes Island37-15,1.011397995,0.035630904,,,
Vincent_and_Dionne_2023,Drakes Island,Drakes Island37,single set of methods,15,20,Drakes Island37-20,0.844505888,0.034362133,,,
Vincent_and_Dionne_2023,Drakes Island,Drakes Island38,single set of methods,0,5,Drakes Island38-5,0.798555856,0.014363371,,,
Vincent_and_Dionne_2023,Drakes Island,Drakes Island38,single set of methods,5,10,Drakes Island38-10,0.64290261,0.012193002,,,
Vincent_and_Dionne_2023,Drakes Island,Drakes Island38,single set of methods,10,15,Drakes Island38-15,0.779061903,0.025218894,,,
Vincent_and_Dionne_2023,Drakes Island,Drakes Island38,single set of methods,15,20,Drakes Island38-20,0.882598663,0.024854203,,,
Vincent_and_Dionne_2023,Drakes Island,Drakes Island39,single set of methods,0,5,Drakes Island39-5,0.78214513,0.027260708,,,
Vincent_and_Dionne_2023,Drakes Island,Drakes Island39,single set of methods,5,10,Drakes Island39-10,0.739775621,0.034364954,,,
Vincent_and_Dionne_2023,Drakes Island,Drakes Island39,single set of methods,10,15,Drakes Island39-15,0.751511776,0.028150798,,,
Vincent_and_Dionne_2023,Drakes Island,Drakes Island39,single set of methods,15,20,Drakes Island39-20,0.706059039,0.028571633,,,
Vincent_and_Dionne_2023,Drakes Island,Drakes Island40,single set of methods,0,5,Drakes Island40-5,0.675027849,0.009074945,,,
Vincent_and_Dionne_2023,Drakes Island,Drakes Island40,single set of methods,5,10,Drakes Island40-10,0.673734882,0.024672526,,,
Vincent_and_Dionne_2023,Drakes Island,Drakes Island40,single set of methods,10,15,Drakes Island40-15,0.710932527,0.028449647,,,
Vincent_and_Dionne_2023,Drakes Island,Drakes Island40,single set of methods,15,20,Drakes Island40-20,0.790201305,0.029330535,,,
Vincent_and_Dionne_2023,Drakes Island,Drakes Island41,single set of methods,0,5,Drakes Island41-5,0.581138606,0.069719399,,,
Vincent_and_Dionne_2023,Drakes Island,Drakes Island41,single set of methods,5,10,Drakes Island41-10,0.521065404,0.082482438,,,
Vincent_and_Dionne_2023,Drakes Island,Drakes Island41,single set of methods,10,15,Drakes Island41-15,0.628580522,0.072357779,,,
Vincent_and_Dionne_2023,Drakes Island,Drakes Island41,single set of methods,15,20,Drakes Island41-20,0.686664545,0.060245297,,,
Vincent_and_Dionne_2023,Drakes Island,Drakes Island42,single set of methods,0,5,Drakes Island42-5,0.38779042,0.070312414,,,
Vincent_and_Dionne_2023,Drakes Island,Drakes Island42,single set of methods,5,10,Drakes Island42-10,0.399824952,0.056977013,,,
Vincent_and_Dionne_2023,Drakes Island,Drakes Island42,single set of methods,10,15,Drakes Island42-15,0.52424809,0.056070307,,,
Vincent_and_Dionne_2023,Drakes Island,Drakes Island42,single set of methods,15,20,Drakes Island42-20,0.517783259,0.058827642,,,
Vincent_and_Dionne_2023,Drakes Island,Drakes Island43,single set of methods,0,5,Drakes Island43-5,0.917807129,0.056345734,,,
Vincent_and_Dionne_2023,Drakes Island,Drakes Island43,single set of methods,5,10,Drakes Island43-10,0.98832352,0.070414401,,,
Vincent_and_Dionne_2023,Drakes Island,Drakes Island43,single set of methods,10,15,Drakes Island43-15,0.786222947,0.043525361,,,
Vincent_and_Dionne_2023,Drakes Island,Drakes Island43,single set of methods,15,20,Drakes Island43-20,0.614258434,0.093372475,,,
Vincent_and_Dionne_2023,Drakes Island,Drakes Island44,single set of methods,0,5,Drakes Island44-5,0.693925048,0.07281511,,,
Vincent_and_Dionne_2023,Drakes Island,Drakes Island44,single set of methods,5,10,Drakes Island44-10,0.698201782,0.071036881,,,
Vincent_and_Dionne_2023,Drakes Island,Drakes Island44,single set of methods,10,15,Drakes Island44-15,0.611274666,0.05533176,,,
Vincent_and_Dionne_2023,Drakes Island,Drakes Island44,single set of methods,15,20,Drakes Island44-20,0.657125239,0.052542222,,,
Vincent_and_Dionne_2023,Drakes Island,Drakes Island45,single set of methods,0,5,Drakes Island45-5,0.594764481,0.067113193,,,
Vincent_and_Dionne_2023,Drakes Island,Drakes Island45,single set of methods,5,10,Drakes Island45-10,0.606699554,0.065526183,,,
Vincent_and_Dionne_2023,Drakes Island,Drakes Island45,single set of methods,10,15,Drakes Island45-15,0.499184437,0.039049812,,,
Vincent_and_Dionne_2023,Drakes Island,Drakes Island45,single set of methods,15,20,Drakes Island45-20,0.51300923,0.042832941,,,
Vincent_and_Dionne_2023,Drakes Island,Drakes Island46,single set of methods,0,5,Drakes Island46-5,0.75956795,0.075047736,,,
Vincent_and_Dionne_2023,Drakes Island,Drakes Island46,single set of methods,5,10,Drakes Island46-10,0.926360598,0.105581317,,,
Vincent_and_Dionne_2023,Drakes Island,Drakes Island46,single set of methods,10,15,Drakes Island46-15,0.624303787,0.09034256,,,
Vincent_and_Dionne_2023,Drakes Island,Drakes Island46,single set of methods,15,20,Drakes Island46-20,0.661501432,0.103993879,,,
Vincent_and_Dionne_2023,Drakes Island,Drakes Island47,single set of methods,0,5,Drakes Island47-5,0.970221992,0.083268248,,,
Vincent_and_Dionne_2023,Drakes Island,Drakes Island47,single set of methods,5,10,Drakes Island47-10,0.656826862,0.09061618,,,
Vincent_and_Dionne_2023,Drakes Island,Drakes Island47,single set of methods,10,15,Drakes Island47-15,0.673834341,0.076375866,,,
Vincent_and_Dionne_2023,Drakes Island,Drakes Island47,single set of methods,15,20,Drakes Island47-20,1.02124443,0.045430758,,,
Vincent_and_Dionne_2023,Drakes Island,Drakes Island48,single set of methods,0,5,Drakes Island48-5,0.716800605,0.043162758,,,
Vincent_and_Dionne_2023,Drakes Island,Drakes Island48,single set of methods,5,10,Drakes Island48-10,0.791494271,0.086148271,,,
Vincent_and_Dionne_2023,Drakes Island,Drakes Island48,single set of methods,10,15,Drakes Island48-15,0.804523393,0.083140212,,,
Vincent_and_Dionne_2023,Drakes Island,Drakes Island48,single set of methods,15,20,Drakes Island48-20,0.917210376,0.075192748,,,
Vincent_and_Dionne_2023,Drakes Island,Drakes Island49,single set of methods,0,5,Drakes Island49-5,0.437122056,0.088492002,,,
Vincent_and_Dionne_2023,Drakes Island,Drakes Island49,single set of methods,5,10,Drakes Island49-10,0.575171069,0.053367089,,,
Vincent_and_Dionne_2023,Drakes Island,Drakes Island49,single set of methods,10,15,Drakes Island49-15,0.622911362,0.068955838,,,
Vincent_and_Dionne_2023,Drakes Island,Drakes Island49,single set of methods,15,20,Drakes Island49-20,0.58730506,0.07743102,,,
Vincent_and_Dionne_2023,Drakes Island,Drakes Island50,single set of methods,0,5,Drakes Island50-5,0.594068269,0.046000321,,,
Vincent_and_Dionne_2023,Drakes Island,Drakes Island50,single set of methods,5,10,Drakes Island50-10,0.632459421,0.038535598,,,
Vincent_and_Dionne_2023,Drakes Island,Drakes Island50,single set of methods,10,15,Drakes Island50-15,0.658219287,0.058453787,,,
Vincent_and_Dionne_2023,Drakes Island,Drakes Island50,single set of methods,15,20,Drakes Island50-20,0.69273154,0.066399418,,,
Vincent_and_Dionne_2023,Drakes Island,Drakes Island51,single set of methods,0,5,Drakes Island51-5,0.731122693,0.118355018,,,
Vincent_and_Dionne_2023,Drakes Island,Drakes Island51,single set of methods,5,10,Drakes Island51-10,0.582531031,0.089421503,,,
Vincent_and_Dionne_2023,Drakes Island,Drakes Island51,single set of methods,10,15,Drakes Island51-15,0.865491725,0.116126352,,,
Vincent_and_Dionne_2023,Drakes Island,Drakes Island51,single set of methods,15,20,Drakes Island51-20,0.713717377,0.092925069,,,
Vincent_and_Dionne_2023,Drakes Island,Drakes Island52,single set of methods,0,5,Drakes Island52-5,0.596256365,0.054482188,,,
Vincent_and_Dionne_2023,Drakes Island,Drakes Island52,single set of methods,5,10,Drakes Island52-10,0.561346276,0.055333908,,,
Vincent_and_Dionne_2023,Drakes Island,Drakes Island52,single set of methods,10,15,Drakes Island52-15,0.575867282,0.056965421,,,
Vincent_and_Dionne_2023,Drakes Island,Drakes Island52,single set of methods,15,20,Drakes Island52-20,0.576762412,0.052414939,,,
Vincent_and_Dionne_2023,Drakes Island,Drakes Island53,single set of methods,0,5,Drakes Island53-5,0.619529758,0.064641588,,,
Vincent_and_Dionne_2023,Drakes Island,Drakes Island53,single set of methods,5,10,Drakes Island53-10,0.524844844,0.053266613,,,
Vincent_and_Dionne_2023,Drakes Island,Drakes Island53,single set of methods,10,15,Drakes Island53-15,0.704268778,0.063283022,,,
Vincent_and_Dionne_2023,Drakes Island,Drakes Island53,single set of methods,15,20,Drakes Island53-20,0.632459421,0.049753257,,,
Vincent_and_Dionne_2023,Drakes Island,Drakes Island54,single set of methods,0,5,Drakes Island54-5,0.924371419,0.08260967,,,
Vincent_and_Dionne_2023,Drakes Island,Drakes Island54,single set of methods,5,10,Drakes Island54-10,0.599339593,0.089466235,,,
Vincent_and_Dionne_2023,Drakes Island,Drakes Island54,single set of methods,10,15,Drakes Island54-15,0.635841025,0.090577693,,,
Vincent_and_Dionne_2023,Drakes Island,Drakes Island54,single set of methods,15,20,Drakes Island54-20,0.715109803,0.080269236,,,
Vincent_and_Dionne_2023,Drakes Island,Drakes Island55,single set of methods,0,5,Drakes Island55-5,0.179225016,0.048589854,,,
Vincent_and_Dionne_2023,Drakes Island,Drakes Island55,single set of methods,5,10,Drakes Island55-10,0.453234405,0.052623892,,,
Vincent_and_Dionne_2023,Drakes Island,Drakes Island55,single set of methods,10,15,Drakes Island55-15,0.461887333,0.043765139,,,
Vincent_and_Dionne_2023,Drakes Island,Drakes Island55,single set of methods,15,20,Drakes Island55-20,0.444780395,0.033787189,,,
Vincent_and_Dionne_2023,Drakes Island,Drakes Island56,single set of methods,0,5,Drakes Island56-5,0.556671706,0.03144616,,,
Vincent_and_Dionne_2023,Drakes Island,Drakes Island56,single set of methods,5,10,Drakes Island56-10,0.892644017,0.040371324,,,
Vincent_and_Dionne_2023,Drakes Island,Drakes Island56,single set of methods,10,15,Drakes Island56-15,0.870464672,0.039751764,,,
Vincent_and_Dionne_2023,Drakes Island,Drakes Island56,single set of methods,15,20,Drakes Island56-20,0.774586251,0.029497587,,,
Vincent_and_Dionne_2023,Drakes Island,Drakes Island57,single set of methods,0,5,Drakes Island57-5,0.480287237,0.149574564,,,
Vincent_and_Dionne_2023,Drakes Island,Drakes Island57,single set of methods,5,10,Drakes Island57-10,0.381126671,0.05504336,,,
Vincent_and_Dionne_2023,Drakes Island,Drakes Island57,single set of methods,10,15,Drakes Island57-15,0.739178867,0.073815659,,,
Vincent_and_Dionne_2023,Drakes Island,Drakes Island57,single set of methods,15,20,Drakes Island57-20,0.564131127,0.061624023,,,
Vincent_and_Dionne_2023,Drakes Island,Drakes Island58,single set of methods,0,5,Drakes Island58-5,0.365312699,0.028901338,,,
Vincent_and_Dionne_2023,Drakes Island,Drakes Island58,single set of methods,5,10,Drakes Island58-10,0.453035487,0.027967046,,,
Vincent_and_Dionne_2023,Drakes Island,Drakes Island58,single set of methods,10,15,Drakes Island58-15,0.473623488,0.046143431,,,
Vincent_and_Dionne_2023,Drakes Island,Drakes Island58,single set of methods,15,20,Drakes Island58-20,0.483171547,0.053228236,,,
Vincent_and_Dionne_2023,Drakes Island,Drakes Island59,single set of methods,0,5,Drakes Island59-5,0.363522438,0.082530273,,,
Vincent_and_Dionne_2023,Drakes Island,Drakes Island59,single set of methods,5,10,Drakes Island59-10,0.385403405,0.072392151,,,
Vincent_and_Dionne_2023,Drakes Island,Drakes Island59,single set of methods,10,15,Drakes Island59-15,0.417230267,0.113818976,,,
Vincent_and_Dionne_2023,Drakes Island,Drakes Island59,single set of methods,15,20,Drakes Island59-20,0.423695099,0.087768114,,,
Vincent_and_Dionne_2023,Drakes Island,Drakes Island60,single set of methods,0,5,Drakes Island60-5,0.274307766,0.068501859,,,
Vincent_and_Dionne_2023,Drakes Island,Drakes Island60,single set of methods,5,10,Drakes Island60-10,0.438912317,0.064827394,,,
Vincent_and_Dionne_2023,Drakes Island,Drakes Island60,single set of methods,10,15,Drakes Island60-15,0.442492839,0.055227497,,,
Vincent_and_Dionne_2023,Drakes Island,Drakes Island60,single set of methods,15,20,Drakes Island60-20,0.448659293,0.082533594,,,
Vincent_and_Dionne_2023,Drakes Island,Drakes Island61,single set of methods,0,5,Drakes Island61-5,0.43960853,0.041841317,,,
Vincent_and_Dionne_2023,Drakes Island,Drakes Island61,single set of methods,5,10,Drakes Island61-10,0.665678708,0.042121405,,,
Vincent_and_Dionne_2023,Drakes Island,Drakes Island61,single set of methods,10,15,Drakes Island61-15,1.256464831,0.040074707,,,
Vincent_and_Dionne_2023,Drakes Island,Drakes Island61,single set of methods,15,20,Drakes Island61-20,0.690543444,0.053535614,,,
Vincent_and_Dionne_2023,Drakes Island,Drakes Island62,single set of methods,0,5,Drakes Island62-5,0.525043762,0.039303595,,,
Vincent_and_Dionne_2023,Drakes Island,Drakes Island62,single set of methods,5,10,Drakes Island62-10,0.554980904,0.054924125,,,
Vincent_and_Dionne_2023,Drakes Island,Drakes Island62,single set of methods,10,15,Drakes Island62-15,0.587702896,0.068772543,,,
Vincent_and_Dionne_2023,Drakes Island,Drakes Island62,single set of methods,15,20,Drakes Island62-20,0.564528962,0.092105241,,,
Vincent_and_Dionne_2023,Drakes Island,Drakes Island63,single set of methods,0,5,Drakes Island63-5,0.437519892,0.073866265,,,
Vincent_and_Dionne_2023,Drakes Island,Drakes Island63,single set of methods,5,10,Drakes Island63-10,0.460992202,0.06514354,,,
Vincent_and_Dionne_2023,Drakes Island,Drakes Island63,single set of methods,10,15,Drakes Island63-15,0.438514481,0.02597742,,,
Vincent_and_Dionne_2023,Drakes Island,Drakes Island63,single set of methods,15,20,Drakes Island63-20,0.435729631,0.040700405,,,
Vincent_and_Dionne_2023,Drakes Island,Drakes Island64,single set of methods,0,5,Drakes Island64-5,0.286939052,0.06777391,,,
Vincent_and_Dionne_2023,Drakes Island,Drakes Island64,single set of methods,5,10,Drakes Island64-10,0.632658339,0.064676328,,,
Vincent_and_Dionne_2023,Drakes Island,Drakes Island64,single set of methods,10,15,Drakes Island64-15,0.707749841,0.042242002,,,
Vincent_and_Dionne_2023,Drakes Island,Drakes Island64,single set of methods,15,20,Drakes Island64-20,0.499980108,0.040012244,,,
Vincent_and_Dionne_2023,Drakes Island,Drakes Island65,single set of methods,0,5,Drakes Island65-5,0.64857177,0.046316652,,,
Vincent_and_Dionne_2023,Drakes Island,Drakes Island65,single set of methods,5,10,Drakes Island65-10,0.639918842,0.064344786,,,
Vincent_and_Dionne_2023,Drakes Island,Drakes Island65,single set of methods,10,15,Drakes Island65-15,0.643996658,0.056365915,,,
Vincent_and_Dionne_2023,Drakes Island,Drakes Island65,single set of methods,15,20,Drakes Island65-20,0.529320496,0.034612801,,,
Vincent_and_Dionne_2023,Drakes Island,Drakes Island66,single set of methods,0,5,Drakes Island66-5,0.61843571,0.050792219,,,
Vincent_and_Dionne_2023,Drakes Island,Drakes Island66,single set of methods,5,10,Drakes Island66-10,0.625795672,0.050079414,,,
Vincent_and_Dionne_2023,Drakes Island,Drakes Island66,single set of methods,10,15,Drakes Island66-15,0.60898711,0.018359895,,,
Vincent_and_Dionne_2023,Drakes Island,Drakes Island66,single set of methods,15,20,Drakes Island66-20,0.52335296,0.030781555,,,
Vincent_and_Dionne_2023,Drakes Island,Drakes Island67,single set of methods,0,5,Drakes Island67-5,0.40290818,0.040539414,,,
Vincent_and_Dionne_2023,Drakes Island,Drakes Island67,single set of methods,5,10,Drakes Island67-10,0.454726289,0.044836234,,,
Vincent_and_Dionne_2023,Drakes Island,Drakes Island67,single set of methods,10,15,Drakes Island67-15,0.431651814,0.037532814,,,
Vincent_and_Dionne_2023,Drakes Island,Drakes Island67,single set of methods,15,20,Drakes Island67-20,0.484961808,0.0259159,,,
Vincent_and_Dionne_2023,Drakes Island,Drakes Island68,single set of methods,0,5,Drakes Island68-5,0.231838797,0.061418315,,,
Vincent_and_Dionne_2023,Drakes Island,Drakes Island68,single set of methods,5,10,Drakes Island68-10,0.38311585,0.060465021,,,
Vincent_and_Dionne_2023,Drakes Island,Drakes Island68,single set of methods,10,15,Drakes Island68-15,0.403703851,0.060720718,,,
Vincent_and_Dionne_2023,Drakes Island,Drakes Island68,single set of methods,15,20,Drakes Island68-20,0.365014322,0.065680089,,,
Vincent_and_Dionne_2023,Drakes Island,Drakes Island69,single set of methods,0,5,Drakes Island69-5,0.266549968,0.045175667,,,
Vincent_and_Dionne_2023,Drakes Island,Drakes Island69,single set of methods,5,10,Drakes Island69-10,0.253620306,0.044425616,,,
Vincent_and_Dionne_2023,Drakes Island,Drakes Island69,single set of methods,10,15,Drakes Island69-15,0.362229472,0.035889673,,,
Vincent_and_Dionne_2023,Drakes Island,Drakes Island69,single set of methods,15,20,Drakes Island69-20,0.341740929,0.031960291,,,
Vincent_and_Dionne_2023,Drakes Island,Drakes Island70,single set of methods,0,5,Drakes Island70-5,0.604014163,0.034905156,,,
Vincent_and_Dionne_2023,Drakes Island,Drakes Island70,single set of methods,5,10,Drakes Island70-10,0.642206397,0.054339227,,,
Vincent_and_Dionne_2023,Drakes Island,Drakes Island70,single set of methods,10,15,Drakes Island70-15,0.606997931,0.06485813,,,
Vincent_and_Dionne_2023,Drakes Island,Drakes Island70,single set of methods,15,20,Drakes Island70-20,0.553588479,0.059890448,,,
Vincent_and_Dionne_2023,Drakes Island,Drakes Island71,single set of methods,0,5,Drakes Island71-5,0.298973584,0.09067785,,,
Vincent_and_Dionne_2023,Drakes Island,Drakes Island71,single set of methods,5,10,Drakes Island71-10,0.381325589,0.057837182,,,
Vincent_and_Dionne_2023,Drakes Island,Drakes Island71,single set of methods,10,15,Drakes Island71-15,0.47441916,0.115814984,,,
Vincent_and_Dionne_2023,Drakes Island,Drakes Island71,single set of methods,15,20,Drakes Island71-20,0.414942712,0.081089295,,,
Vincent_and_Dionne_2023,Drakes Island,Drakes Island72,single set of methods,0,5,Drakes Island72-5,0.231043125,0.050712943,,,
Vincent_and_Dionne_2023,Drakes Island,Drakes Island72,single set of methods,5,10,Drakes Island72-10,0.333983132,0.044276315,,,
Vincent_and_Dionne_2023,Drakes Island,Drakes Island72,single set of methods,10,15,Drakes Island72-15,0.355366805,0.056463881,,,
Vincent_and_Dionne_2023,Drakes Island,Drakes Island72,single set of methods,15,20,Drakes Island72-20,0.364318109,0.063150072,,,
Vincent_and_Dionne_2023,Drakes Island,Drakes Island73,single set of methods,0,5,Drakes Island73-5,0.594565563,0.032001751,,,
Vincent_and_Dionne_2023,Drakes Island,Drakes Island73,single set of methods,5,10,Drakes Island73-10,0.57696133,0.039540049,,,
Vincent_and_Dionne_2023,Drakes Island,Drakes Island73,single set of methods,10,15,Drakes Island73-15,0.662893857,0.069341583,,,
Vincent_and_Dionne_2023,Drakes Island,Drakes Island73,single set of methods,15,20,Drakes Island73-20,0.627088638,0.047026939,,,
Vincent_and_Dionne_2023,Drakes Island,Drakes Island74,single set of methods,0,5,Drakes Island74-5,0.309018937,0.049757053,,,
Vincent_and_Dionne_2023,Drakes Island,Drakes Island74,single set of methods,5,10,Drakes Island74-10,0.561744112,0.03855921,,,
Vincent_and_Dionne_2023,Drakes Island,Drakes Island74,single set of methods,10,15,Drakes Island74-15,0.421805379,0.03344332,,,
Vincent_and_Dionne_2023,Drakes Island,Drakes Island74,single set of methods,15,20,Drakes Island74-20,0.553886856,0.029464819,,,
Vincent_and_Dionne_2023,Drakes Island,Drakes Island75,single set of methods,0,5,Drakes Island75-5,0.774884628,0.066143456,,,
Vincent_and_Dionne_2023,Drakes Island,Drakes Island75,single set of methods,5,10,Drakes Island75-10,0.276296945,0.055796022,,,
Vincent_and_Dionne_2023,Drakes Island,Drakes Island75,single set of methods,10,15,Drakes Island75-15,0.319263208,0.097316685,,,
Vincent_and_Dionne_2023,Drakes Island,Drakes Island75,single set of methods,15,20,Drakes Island75-20,0.463279758,0.06376461,,,
Vincent_and_Dionne_2023,Drakes Island,Drakes Island76,single set of methods,0,5,Drakes Island76-5,0.857932845,0.071677649,,,
Vincent_and_Dionne_2023,Drakes Island,Drakes Island76,single set of methods,5,10,Drakes Island76-10,1.008712603,0.050297713,,,
Vincent_and_Dionne_2023,Drakes Island,Drakes Island76,single set of methods,10,15,Drakes Island76-15,0.776177594,0.036199758,,,
Vincent_and_Dionne_2023,Drakes Island,Drakes Island76,single set of methods,15,20,Drakes Island76-20,0.930239497,0.037308441,,,
Vincent_and_Dionne_2023,Drakes Island,Drakes Island77,single set of methods,0,5,Drakes Island77-5,0.413550286,0.059796013,,,
Vincent_and_Dionne_2023,Drakes Island,Drakes Island77,single set of methods,5,10,Drakes Island77-10,0.558561426,0.056057819,,,
Vincent_and_Dionne_2023,Drakes Island,Drakes Island77,single set of methods,10,15,Drakes Island77-15,0.731918364,0.06549323,,,
Vincent_and_Dionne_2023,Drakes Island,Drakes Island77,single set of methods,15,20,Drakes Island77-20,1.17470958,0.085951694,,,
Vincent_and_Dionne_2023,Drakes Island,Drakes Island78,single set of methods,0,5,Drakes Island78-5,0.501770369,0.049416051,,,
Vincent_and_Dionne_2023,Drakes Island,Drakes Island78,single set of methods,5,10,Drakes Island78-10,0.645786919,0.061319786,,,
Vincent_and_Dionne_2023,Drakes Island,Drakes Island78,single set of methods,10,15,Drakes Island78-15,0.505549809,0.060697542,,,
Vincent_and_Dionne_2023,Drakes Island,Drakes Island78,single set of methods,15,20,Drakes Island78-20,0.596256365,0.064855101,,,
Vincent_and_Dionne_2023,Drakes Island,Drakes Island79,single set of methods,0,5,Drakes Island79-5,0.474717537,0.028971495,,,
Vincent_and_Dionne_2023,Drakes Island,Drakes Island79,single set of methods,5,10,Drakes Island79-10,0.450549013,0.071032012,,,
Vincent_and_Dionne_2023,Drakes Island,Drakes Island79,single set of methods,10,15,Drakes Island79-15,0.631862667,0.070106187,,,
Vincent_and_Dionne_2023,Drakes Island,Drakes Island79,single set of methods,15,20,Drakes Island79-20,0.900401814,0.087583904,,,
Vincent_and_Dionne_2023,Drakes Island,Drakes Island80,single set of methods,0,5,Drakes Island80-5,0.48008832,0.050528635,,,
Vincent_and_Dionne_2023,Drakes Island,Drakes Island80,single set of methods,5,10,Drakes Island80-10,0.433839911,0.047391712,,,
Vincent_and_Dionne_2023,Drakes Island,Drakes Island80,single set of methods,10,15,Drakes Island80-15,0.433442075,0.06923276,,,
Vincent_and_Dionne_2023,Drakes Island,Drakes Island80,single set of methods,15,20,Drakes Island80-20,0.437420433,0.081503112,,,
Vincent_and_Dionne_2023,Drakes Island,Drakes Island81,single set of methods,0,5,Drakes Island81-5,0.484066677,0.032928942,,,
Vincent_and_Dionne_2023,Drakes Island,Drakes Island81,single set of methods,5,10,Drakes Island81-10,0.444680936,0.035246936,,,
Vincent_and_Dionne_2023,Drakes Island,Drakes Island81,single set of methods,10,15,Drakes Island81-15,0.498388765,0.043682862,,,
Vincent_and_Dionne_2023,Drakes Island,Drakes Island81,single set of methods,15,20,Drakes Island81-20,0.540459898,0.044525205,,,
Vincent_and_Dionne_2023,Drakes Island,Drakes Island82,single set of methods,0,5,Drakes Island82-5,0.577160248,0.046110285,,,
Vincent_and_Dionne_2023,Drakes Island,Drakes Island82,single set of methods,5,10,Drakes Island82-10,0.856341502,0.048385022,,,
Vincent_and_Dionne_2023,Drakes Island,Drakes Island82,single set of methods,10,15,Drakes Island82-15,0.865690643,0.035304399,,,
Vincent_and_Dionne_2023,Drakes Island,Drakes Island82,single set of methods,15,20,Drakes Island82-20,0.796069383,0.039077552,,,
Vincent_and_Dionne_2023,Drakes Island,Drakes Island83,single set of methods,0,5,Drakes Island83-5,0.716402769,0.084173267,,,
Vincent_and_Dionne_2023,Drakes Island,Drakes Island83,single set of methods,5,10,Drakes Island83-10,0.737289147,0.055414016,,,
Vincent_and_Dionne_2023,Drakes Island,Drakes Island83,single set of methods,10,15,Drakes Island83-15,0.596554742,0.071644558,,,
Vincent_and_Dionne_2023,Drakes Island,Drakes Island83,single set of methods,15,20,Drakes Island83-20,0.545432845,0.075934389,,,
Vincent_and_Dionne_2023,Drakes Island,Drakes Island84,single set of methods,0,5,Drakes Island84-5,0.416732973,0.027986946,,,
Vincent_and_Dionne_2023,Drakes Island,Drakes Island84,single set of methods,5,10,Drakes Island84-10,0.449256047,0.035998682,,,
Vincent_and_Dionne_2023,Drakes Island,Drakes Island84,single set of methods,10,15,Drakes Island84-15,0.455323043,0.046859359,,,
Vincent_and_Dionne_2023,Drakes Island,Drakes Island84,single set of methods,15,20,Drakes Island84-20,0.459102482,0.032047748,,,
Vincent_and_Dionne_2023,Drakes Island,Drakes Island85,single set of methods,0,5,Drakes Island85-5,0.807407702,0.058681429,,,
Vincent_and_Dionne_2023,Drakes Island,Drakes Island85,single set of methods,5,10,Drakes Island85-10,0.849080999,0.054962622,,,
Vincent_and_Dionne_2023,Drakes Island,Drakes Island85,single set of methods,10,15,Drakes Island85-15,0.801440165,0.084190884,,,
Vincent_and_Dionne_2023,Drakes Island,Drakes Island85,single set of methods,15,20,Drakes Island85-20,0.587006684,0.075196989,,,
Vincent_and_Dionne_2023,Drakes Island,Drakes Island86,single set of methods,0,5,Drakes Island86-5,0.592377467,0.044461906,,,
Vincent_and_Dionne_2023,Drakes Island,Drakes Island86,single set of methods,5,10,Drakes Island86-10,0.611573043,0.044763282,,,
Vincent_and_Dionne_2023,Drakes Island,Drakes Island86,single set of methods,10,15,Drakes Island86-15,0.582431572,0.039283305,,,
Vincent_and_Dionne_2023,Drakes Island,Drakes Island86,single set of methods,15,20,Drakes Island86-20,0.529718332,0.037862085,,,
Vincent_and_Dionne_2023,Drakes Island,Drakes Island87,single set of methods,0,5,Drakes Island87-5,0.679503501,0.046783904,,,
Vincent_and_Dionne_2023,Drakes Island,Drakes Island87,single set of methods,5,10,Drakes Island87-10,0.600632559,0.043442086,,,
Vincent_and_Dionne_2023,Drakes Island,Drakes Island87,single set of methods,10,15,Drakes Island87-15,0.415241088,0.061790256,,,
Vincent_and_Dionne_2023,Drakes Island,Drakes Island87,single set of methods,15,20,Drakes Island87-20,0.590487747,0.061408732,,,
Vincent_and_Dionne_2023,Drakes Island,Drakes Island88,single set of methods,0,5,Drakes Island88-5,0.616347072,0.061677649,,,
Vincent_and_Dionne_2023,Drakes Island,Drakes Island88,single set of methods,5,10,Drakes Island88-10,0.887869987,0.055496022,,,
Vincent_and_Dionne_2023,Drakes Island,Drakes Island88,single set of methods,10,15,Drakes Island88-15,0.852164227,0.056433881,,,
Vincent_and_Dionne_2023,Drakes Island,Drakes Island88,single set of methods,15,20,Drakes Island88-20,0.719883832,0.046026939,,,
Vincent_and_Dionne_2023,Drakes Island,Drakes Island89,single set of methods,0,5,Drakes Island89-5,0.45273711,0.052528635,,,
Vincent_and_Dionne_2023,Drakes Island,Drakes Island89,single set of methods,5,10,Drakes Island89-10,0.510025461,0.047291712,,,
Vincent_and_Dionne_2023,Drakes Island,Drakes Island89,single set of methods,10,15,Drakes Island89-15,0.55060471,0.06933276,,,
Vincent_and_Dionne_2023,Drakes Island,Drakes Island89,single set of methods,15,20,Drakes Island89-20,0.468153246,0.081303112,,,
Vincent_and_Dionne_2023,Drakes Island,Drakes Island90,single set of methods,0,5,Drakes Island90-5,0.64757718,0.033928942,,,
Vincent_and_Dionne_2023,Drakes Island,Drakes Island90,single set of methods,5,10,Drakes Island90-10,0.6155514,0.035226936,,,
Vincent_and_Dionne_2023,Drakes Island,Drakes Island90,single set of methods,10,15,Drakes Island90-15,0.532005888,0.043382862,,,
Vincent_and_Dionne_2023,Drakes Island,Drakes Island90,single set of methods,15,20,Drakes Island90-20,0.574375398,0.042525205,,,
Vincent_and_Dionne_2023,Drakes Island,Drakes Island91,single set of methods,0,5,Drakes Island91-5,0.431651814,0.045110285,,,
Vincent_and_Dionne_2023,Drakes Island,Drakes Island91,single set of methods,5,10,Drakes Island91-10,0.424988065,0.046385022,,,
Vincent_and_Dionne_2023,Drakes Island,Drakes Island91,single set of methods,10,15,Drakes Island91-15,0.40947247,0.038304399,,,
Vincent_and_Dionne_2023,Drakes Island,Drakes Island91,single set of methods,15,20,Drakes Island91-20,0.381623966,0.034077552,,,
Vincent_and_Dionne_2023,Drakes Island,Drakes Island92,single set of methods,0,5,Drakes Island92-5,0.795771006,0.074173267,,,
Vincent_and_Dionne_2023,Drakes Island,Drakes Island92,single set of methods,5,10,Drakes Island92-10,0.461290579,0.056414016,,,
Vincent_and_Dionne_2023,Drakes Island,Drakes Island92,single set of methods,10,15,Drakes Island92-15,0.397537397,0.051644558,,,
Vincent_and_Dionne_2023,Drakes Island,Drakes Island92,single set of methods,15,20,Drakes Island92-20,0.42170592,0.065934389,,,
Vincent_and_Dionne_2023,Drakes Island,Drakes Island93,single set of methods,0,5,Drakes Island93-5,0.439906906,0.074173267,,,
Vincent_and_Dionne_2023,Drakes Island,Drakes Island93,single set of methods,5,10,Drakes Island93-10,0.409373011,0.045998682,,,
Vincent_and_Dionne_2023,Drakes Island,Drakes Island93,single set of methods,10,15,Drakes Island93-15,0.515296785,0.046559359,,,
Vincent_and_Dionne_2023,Drakes Island,Drakes Island93,single set of methods,15,20,Drakes Island93-20,0.393658498,0.037047748,,,
Vincent_and_Dionne_2023,Drakes Island,Drakes Island94,single set of methods,0,5,Drakes Island94-5,0.412555697,0.054681429,,,
Vincent_and_Dionne_2023,Drakes Island,Drakes Island94,single set of methods,5,10,Drakes Island94-10,0.423396722,0.057962622,,,
Vincent_and_Dionne_2023,Drakes Island,Drakes Island94,single set of methods,10,15,Drakes Island94-15,0.409770847,0.084590884,,,
Vincent_and_Dionne_2023,Drakes Island,Drakes Island94,single set of methods,15,20,Drakes Island94-20,0.358151655,0.075696989,,,
Vincent_and_Dionne_2023,Drakes Island,Drakes Island95,single set of methods,0,5,Drakes Island95-5,0.455124125,0.044361906,,,
Vincent_and_Dionne_2023,Drakes Island,Drakes Island95,single set of methods,5,10,Drakes Island95-10,0.394056334,0.044663282,,,
Vincent_and_Dionne_2023,Drakes Island,Drakes Island95,single set of methods,10,15,Drakes Island95-15,0.382817473,0.039483305,,,
Vincent_and_Dionne_2023,Drakes Island,Drakes Island95,single set of methods,15,20,Drakes Island95-20,0.361931095,0.037262085,,,
Vincent_and_Dionne_2023,Drakes Island,Drakes Island96,single set of methods,0,5,Drakes Island96-5,0.437818269,0.046733904,,,
Vincent_and_Dionne_2023,Drakes Island,Drakes Island96,single set of methods,5,10,Drakes Island96-10,0.456019255,0.043422086,,,
Vincent_and_Dionne_2023,Drakes Island,Drakes Island96,single set of methods,10,15,Drakes Island96-15,0.461290579,0.061750256,,,
Vincent_and_Dionne_2023,Drakes Island,Drakes Island96,single set of methods,15,20,Drakes Island96-20,0.434635582,0.051408732,,,
Vincent_and_Dionne_2023,Drakes Island,Drakes Island97,single set of methods,0,5,Drakes Island97-5,0.298177912,0.024519237,,,
Vincent_and_Dionne_2023,Drakes Island,Drakes Island97,single set of methods,5,10,Drakes Island97-10,0.53180697,0.05510883,,,
Vincent_and_Dionne_2023,Drakes Island,Drakes Island97,single set of methods,10,15,Drakes Island97-15,0.569800286,0.063920346,,,
Vincent_and_Dionne_2023,Drakes Island,Drakes Island97,single set of methods,15,20,Drakes Island97-20,0.587106143,0.070093246,,,
Vincent_and_Dionne_2023,Drakes Island,Drakes Island98,single set of methods,0,5,Drakes Island98-5,0.399626034,0.039548887,,,
Vincent_and_Dionne_2023,Drakes Island,Drakes Island98,single set of methods,5,10,Drakes Island98-10,0.598146085,0.066432033,,,
Vincent_and_Dionne_2023,Drakes Island,Drakes Island98,single set of methods,10,15,Drakes Island98-15,0.601129854,0.059564995,,,
Vincent_and_Dionne_2023,Drakes Island,Drakes Island98,single set of methods,15,20,Drakes Island98-20,0.461787874,0.057623013,,,
Vincent_and_Dionne_2023,Drakes Island,Drakes Island99,single set of methods,0,5,Drakes Island99-5,0.994589433,0.421358037,,,
Vincent_and_Dionne_2023,Drakes Island,Drakes Island99,single set of methods,5,10,Drakes Island99-10,0.415340547,0.031787661,,,
Vincent_and_Dionne_2023,Drakes Island,Drakes Island99,single set of methods,10,15,Drakes Island99-15,0.479591025,0.03703887,,,
Vincent_and_Dionne_2023,Drakes Island,Drakes Island99,single set of methods,15,20,Drakes Island99-20,0.541355029,0.058244566,,,
Vincent_and_Dionne_2023,Drakes Island,Drakes Island100,single set of methods,0,5,Drakes Island100-5,0.579149427,0.054572046,,,
Vincent_and_Dionne_2023,Drakes Island,Drakes Island100,single set of methods,5,10,Drakes Island100-10,0.475712126,0.040542876,,,
Vincent_and_Dionne_2023,Drakes Island,Drakes Island100,single set of methods,10,15,Drakes Island100-15,0.580840229,0.045310378,,,
Vincent_and_Dionne_2023,Drakes Island,Drakes Island100,single set of methods,15,20,Drakes Island100-20,0.822724379,0.071536096,,,
Vincent_and_Dionne_2023,Little River,Little River1,single set of methods,0,5,Little River1-5,0.867580363,0.109267825,,,
Vincent_and_Dionne_2023,Little River,Little River1,single set of methods,5,10,Little River1-10,0.593670433,0.053449396,,,
Vincent_and_Dionne_2023,Little River,Little River1,single set of methods,10,15,Little River1-15,0.513108689,0.034444848,,,
Vincent_and_Dionne_2023,Little River,Little River1,single set of methods,15,20,Little River1-20,0.741168046,0.050783542,,,
Vincent_and_Dionne_2023,Little River,Little River2,single set of methods,0,5,Little River2-5,0.501173616,0.031271608,,,
Vincent_and_Dionne_2023,Little River,Little River2,single set of methods,5,10,Little River2-10,0.782741884,0.080078472,,,
Vincent_and_Dionne_2023,Little River,Little River2,single set of methods,10,15,Little River2-15,0.621518937,0.047389181,,,
Vincent_and_Dionne_2023,Little River,Little River2,single set of methods,15,20,Little River2-20,0.676718651,0.065995228,,,
Vincent_and_Dionne_2023,Little River,Little River3,single set of methods,0,5,Little River3-5,0.61654599,0.051027481,,,
Vincent_and_Dionne_2023,Little River,Little River3,single set of methods,5,10,Little River3-10,0.43861394,0.010619239,,,
Vincent_and_Dionne_2023,Little River,Little River3,single set of methods,10,15,Little River3-15,0.532602642,0.03427533,,,
Vincent_and_Dionne_2023,Little River,Little River3,single set of methods,15,20,Little River3-20,0.621320019,0.052620851,,,
Vincent_and_Dionne_2023,Little River,Little River4,single set of methods,0,5,Little River4-5,0.789206715,0.076965334,,,
Vincent_and_Dionne_2023,Little River,Little River4,single set of methods,5,10,Little River4-10,0.642604233,0.052419829,,,
Vincent_and_Dionne_2023,Little River,Little River4,single set of methods,10,15,Little River4-15,0.62221515,0.039280904,,,
Vincent_and_Dionne_2023,Little River,Little River4,single set of methods,15,20,Little River4-20,0.558561426,0.034533613,,,
Vincent_and_Dionne_2023,Little River,Little River5,single set of methods,0,5,Little River5-5,0.651555538,0.056064257,,,
Vincent_and_Dionne_2023,Little River,Little River5,single set of methods,5,10,Little River5-10,0.507141152,0.047473768,,,
Vincent_and_Dionne_2023,Little River,Little River5,single set of methods,10,15,Little River5-15,0.696908816,0.090205774,,,
Vincent_and_Dionne_2023,Little River,Little River5,single set of methods,15,20,Little River5-20,0.517285964,0.050446969,,,
Vincent_and_Dionne_2023,Little River,Little River6,single set of methods,0,5,Little River6-5,0.443189052,0.026118416,,,
Vincent_and_Dionne_2023,Little River,Little River6,single set of methods,5,10,Little River6-10,0.273711012,0.012570151,,,
Vincent_and_Dionne_2023,Little River,Little River6,single set of methods,10,15,Little River6-15,0.518181095,0.041292948,,,
Vincent_and_Dionne_2023,Little River,Little River6,single set of methods,15,20,Little River6-20,0.479789943,0.041185879,,,
Vincent_and_Dionne_2023,Little River,Little River7,single set of methods,0,5,Little River7-5,0.431651814,0.028289476,,,
Vincent_and_Dionne_2023,Little River,Little River7,single set of methods,5,10,Little River7-10,0.3219486,0.017230764,,,
Vincent_and_Dionne_2023,Little River,Little River7,single set of methods,10,15,Little River7-15,0.357355983,0.023201556,,,
Vincent_and_Dionne_2023,Little River,Little River7,single set of methods,15,20,Little River7-20,0.32284373,0.023400623,,,
Vincent_and_Dionne_2023,Little River,Little River8,single set of methods,0,5,Little River8-5,0.438216104,0.029685742,,,
Vincent_and_Dionne_2023,Little River,Little River8,single set of methods,5,10,Little River8-10,0.41792648,0.02894291,,,
Vincent_and_Dionne_2023,Little River,Little River8,single set of methods,10,15,Little River8-15,0.445973902,0.035447496,,,
Vincent_and_Dionne_2023,Little River,Little River8,single set of methods,15,20,Little River8-20,0.362527849,0.02909724,,,
Vincent_and_Dionne_2023,Little River,Little River9,single set of methods,0,5,Little River9-5,0.609683323,0.064865533,,,
Vincent_and_Dionne_2023,Little River,Little River9,single set of methods,5,10,Little River9-10,0.593173138,0.053770437,,,
Vincent_and_Dionne_2023,Little River,Little River9,single set of methods,10,15,Little River9-15,0.384906111,0.026514605,,,
Vincent_and_Dionne_2023,Little River,Little River9,single set of methods,15,20,Little River9-20,0.526834023,0.049230507,,,
Vincent_and_Dionne_2023,Little River,Little River10,single set of methods,0,5,Little River10-5,0.646483132,0.06918136,,,
Vincent_and_Dionne_2023,Little River,Little River10,single set of methods,5,10,Little River10-10,0.514799491,0.035062894,,,
Vincent_and_Dionne_2023,Little River,Little River10,single set of methods,10,15,Little River10-15,0.561545194,0.039875821,,,
Vincent_and_Dionne_2023,Little River,Little River10,single set of methods,15,20,Little River10-20,0.440105824,0.030245173,,,
Vincent_and_Dionne_2023,Little River,Little River11,single set of methods,0,5,Little River11-5,0.681989975,0.070530896,,,
Vincent_and_Dionne_2023,Little River,Little River11,single set of methods,5,10,Little River11-10,0.469048377,0.034611898,,,
Vincent_and_Dionne_2023,Little River,Little River11,single set of methods,10,15,Little River11-15,0.377347231,0.021823263,,,
Vincent_and_Dionne_2023,Little River,Little River11,single set of methods,15,20,Little River11-20,0.597847708,0.04294253,,,
Vincent_and_Dionne_2023,Little River,Little River12,single set of methods,0,5,Little River12-5,0.666673297,0.054875383,,,
Vincent_and_Dionne_2023,Little River,Little River12,single set of methods,5,10,Little River12-10,0.579348345,0.044007753,,,
Vincent_and_Dionne_2023,Little River,Little River12,single set of methods,10,15,Little River12-15,0.361831636,0.019438882,,,
Vincent_and_Dionne_2023,Little River,Little River12,single set of methods,15,20,Little River12-20,0.446272279,0.028246301,,,
Vincent_and_Dionne_2023,Little River,Little River13,single set of methods,0,5,Little River13-5,0.563434914,0.043514144,,,
Vincent_and_Dionne_2023,Little River,Little River13,single set of methods,5,10,Little River13-10,0.810988224,0.051694434,,,
Vincent_and_Dionne_2023,Little River,Little River13,single set of methods,10,15,Little River13-15,0.804722311,0.023605101,,,
Vincent_and_Dionne_2023,Little River,Little River13,single set of methods,15,20,Little River13-20,0.869271165,0.155512028,,,
Vincent_and_Dionne_2023,Little River,Little River14,single set of methods,0,5,Little River14-5,0.451742521,0.03206017,,,
Vincent_and_Dionne_2023,Little River,Little River14,single set of methods,5,10,Little River14-10,0.419318905,0.033466349,,,
Vincent_and_Dionne_2023,Little River,Little River14,single set of methods,10,15,Little River14-15,0.455124125,0.03962924,,,
Vincent_and_Dionne_2023,Little River,Little River14,single set of methods,15,20,Little River14-20,0.616247613,0.056673102,,,
Vincent_and_Dionne_2023,Little River,Little River15,single set of methods,0,5,Little River15-5,0.471733768,0.037533642,,,
Vincent_and_Dionne_2023,Little River,Little River15,single set of methods,5,10,Little River15-10,0.494509866,0.039163443,,,
Vincent_and_Dionne_2023,Little River,Little River15,single set of methods,10,15,Little River15-15,0.44995226,0.039308282,,,
Vincent_and_Dionne_2023,Little River,Little River15,single set of methods,15,20,Little River15-20,0.310112985,0.019881233,,,
Vincent_and_Dionne_2023,Little River,Little River16,single set of methods,0,5,Little River16-5,0.519374602,0.050672057,,,
Vincent_and_Dionne_2023,Little River,Little River16,single set of methods,5,10,Little River16-10,0.338160407,0.025313209,,,
Vincent_and_Dionne_2023,Little River,Little River16,single set of methods,10,15,Little River16-15,0.316776735,0.025035681,,,
Vincent_and_Dionne_2023,Little River,Little River16,single set of methods,15,20,Little River16-20,0.415539465,0.043884043,,,
Vincent_and_Dionne_2023,Little River,Little River17,single set of methods,0,5,Little River17-5,0.608290898,0.097129854,,,
Vincent_and_Dionne_2023,Little River,Little River17,single set of methods,5,10,Little River17-10,0.534193985,0.050577872,,,
Vincent_and_Dionne_2023,Little River,Little River17,single set of methods,10,15,Little River17-15,0.354372215,0.020869749,,,
Vincent_and_Dionne_2023,Little River,Little River17,single set of methods,15,20,Little River17-20,0.405096276,0.011850077,,,
Vincent_and_Dionne_2023,Little River,Little River18,single set of methods,0,5,Little River18-5,0.68427753,0.082290241,,,
Vincent_and_Dionne_2023,Little River,Little River18,single set of methods,5,10,Little River18-10,0.429861553,0.025910878,,,
Vincent_and_Dionne_2023,Little River,Little River18,single set of methods,10,15,Little River18-15,0.35297979,0.017270754,,,
Vincent_and_Dionne_2023,Little River,Little River18,single set of methods,15,20,Little River18-20,0.52802753,0.041017517,,,
Vincent_and_Dionne_2023,Little River,Little River19,single set of methods,0,5,Little River19-5,0.750915022,0.077411148,,,
Vincent_and_Dionne_2023,Little River,Little River19,single set of methods,5,10,Little River19-10,0.650560948,0.058009804,,,
Vincent_and_Dionne_2023,Little River,Little River19,single set of methods,10,15,Little River19-15,0.688852642,0.056079511,,,
Vincent_and_Dionne_2023,Little River,Little River19,single set of methods,15,20,Little River19-20,0.863900382,0.080230325,,,
Vincent_and_Dionne_2023,Little River,Little River20,single set of methods,0,5,Little River20-5,0.652649586,0.058491125,,,
Vincent_and_Dionne_2023,Little River,Little River20,single set of methods,5,10,Little River20-10,0.536382081,0.03938308,,,
Vincent_and_Dionne_2023,Little River,Little River20,single set of methods,10,15,Little River20-15,0.501571451,0.03853102,,,
Vincent_and_Dionne_2023,Little River,Little River20,single set of methods,15,20,Little River20-20,1.520329408,0.09331417,,,
Vincent_and_Dionne_2023,Little River,Little River21,single set of methods,0,5,Little River21-5,0.511716264,0.038912266,,,
Vincent_and_Dionne_2023,Little River,Little River21,single set of methods,5,10,Little River21-10,0.760065245,0.049068597,,,
Vincent_and_Dionne_2023,Little River,Little River21,single set of methods,10,15,Little River21-15,0.664385742,0.048727208,,,
Vincent_and_Dionne_2023,Little River,Little River21,single set of methods,15,20,Little River21-20,1.5474817,0.072009749,,,
Vincent_and_Dionne_2023,Little River,Little River22,single set of methods,0,5,Little River22-5,0.467357575,0.018432629,,,
Vincent_and_Dionne_2023,Little River,Little River22,single set of methods,5,10,Little River22-10,0.301460057,0.005611324,,,
Vincent_and_Dionne_2023,Little River,Little River22,single set of methods,10,15,Little River22-15,0.443785805,0.017826432,,,
Vincent_and_Dionne_2023,Little River,Little River22,single set of methods,15,20,Little River22-20,0.44895767,0.002714263,,,
Vincent_and_Dionne_2023,Little River,Little River23,single set of methods,0,5,Little River23-5,0.534890197,0.055847854,,,
Vincent_and_Dionne_2023,Little River,Little River23,single set of methods,5,10,Little River23-10,0.579348345,0.053184347,,,
Vincent_and_Dionne_2023,Little River,Little River23,single set of methods,10,15,Little River23-15,0.466164067,0.040724562,,,
Vincent_and_Dionne_2023,Little River,Little River23,single set of methods,15,20,Little River23-20,0.370285646,0.030387924,,,
Vincent_and_Dionne_2023,Little River,Little River24,single set of methods,0,5,Little River24-5,0.504754137,0.050764458,,,
Vincent_and_Dionne_2023,Little River,Little River24,single set of methods,5,10,Little River24-10,0.300465468,0.015983243,,,
Vincent_and_Dionne_2023,Little River,Little River24,single set of methods,10,15,Little River24-15,0.32851289,0.021141254,,,
Vincent_and_Dionne_2023,Little River,Little River24,single set of methods,15,20,Little River24-20,0.339055538,0.025005628,,,
Vincent_and_Dionne_2023,Little River,Little River25,single set of methods,0,5,Little River25-5,0.550803628,0.051221056,,,
Vincent_and_Dionne_2023,Little River,Little River25,single set of methods,5,10,Little River25-10,0.585216423,0.054854691,,,
Vincent_and_Dionne_2023,Little River,Little River25,single set of methods,10,15,Little River25-15,0.344426321,0.015761852,,,
Vincent_and_Dionne_2023,Little River,Little River25,single set of methods,15,20,Little River25-20,0.69462126,0.045807394,,,
Vincent_and_Dionne_2023,Little River,Little River26,single set of methods,0,5,Little River26-5,0.400919001,0.016672927,,,
Vincent_and_Dionne_2023,Little River,Little River26,single set of methods,5,10,Little River26-10,0.642007479,0.043307507,,,
Vincent_and_Dionne_2023,Little River,Little River26,single set of methods,10,15,Little River26-15,0.67960296,0.044650573,,,
Vincent_and_Dionne_2023,Little River,Little River26,single set of methods,15,20,Little River26-20,0.617242202,0.03720567,,,
Vincent_and_Dionne_2023,Little River,Little River27,single set of methods,0,5,Little River27-5,0.400819542,0.017204814,,,
Vincent_and_Dionne_2023,Little River,Little River27,single set of methods,5,10,Little River27-10,0.589095321,0.03875222,,,
Vincent_and_Dionne_2023,Little River,Little River27,single set of methods,10,15,Little River27-15,0.952120465,0.093951653,,,
Vincent_and_Dionne_2023,Little River,Little River27,single set of methods,15,20,Little River27-20,0.50356063,0.034338551,,,
Vincent_and_Dionne_2023,Little River,Little River28,single set of methods,0,5,Little River28-5,0.690145608,0.050870578,,,
Vincent_and_Dionne_2023,Little River,Little River28,single set of methods,5,10,Little River28-10,0.801838001,0.07159788,,,
Vincent_and_Dionne_2023,Little River,Little River28,single set of methods,10,15,Little River28-15,0.642604233,0.047129714,,,
Vincent_and_Dionne_2023,Little River,Little River28,single set of methods,15,20,Little River28-20,0.49699634,0.038892012,,,
Vincent_and_Dionne_2023,Little River,Little River29,single set of methods,0,5,Little River29-5,0.425385901,0.01541724,,,
Vincent_and_Dionne_2023,Little River,Little River29,single set of methods,5,10,Little River29-10,1.064409612,0.082335256,,,
Vincent_and_Dionne_2023,Little River,Little River29,single set of methods,10,15,Little River29-15,0.42071133,0.036598238,,,
Vincent_and_Dionne_2023,Little River,Little River29,single set of methods,15,20,Little River29-20,0.427573997,0.045331573,,,
Vincent_and_Dionne_2023,Little River,Little River30,single set of methods,0,5,Little River30-5,0.730028644,0.098655359,,,
Vincent_and_Dionne_2023,Little River,Little River30,single set of methods,5,10,Little River30-10,0.463677594,0.036360666,,,
Vincent_and_Dionne_2023,Little River,Little River30,single set of methods,10,15,Little River30-15,0.536282623,0.05703412,,,
Vincent_and_Dionne_2023,Little River,Little River30,single set of methods,15,20,Little River30-20,0.57417648,0.063793643,,,
Vincent_and_Dionne_2023,Little River,Little River31,single set of methods,0,5,Little River31-5,0.397537397,0.035578688,,,
Vincent_and_Dionne_2023,Little River,Little River31,single set of methods,5,10,Little River31-10,0.343829567,0.025878298,,,
Vincent_and_Dionne_2023,Little River,Little River31,single set of methods,10,15,Little River31-15,0.431353437,0.035753389,,,
Vincent_and_Dionne_2023,Little River,Little River31,single set of methods,15,20,Little River31-20,0.487945576,0.042166479,,,
Vincent_and_Dionne_2023,Little River,Little River32,single set of methods,0,5,Little River32-5,0.430557766,0.036394122,,,
Vincent_and_Dionne_2023,Little River,Little River32,single set of methods,5,10,Little River32-10,0.499383355,0.053790729,,,
Vincent_and_Dionne_2023,Little River,Little River32,single set of methods,10,15,Little River32-15,0.530712922,0.051603344,,,
Vincent_and_Dionne_2023,Little River,Little River32,single set of methods,15,20,Little River32-20,0.391868237,0.034636489,,,
Vincent_and_Dionne_2023,Little River,Little River33,single set of methods,0,5,Little River33-5,0.388486633,0.019639215,,,
Vincent_and_Dionne_2023,Little River,Little River33,single set of methods,5,10,Little River33-10,0.281568269,0.011504191,,,
Vincent_and_Dionne_2023,Little River,Little River33,single set of methods,10,15,Little River33-15,0.392962285,0.023286456,,,
Vincent_and_Dionne_2023,Little River,Little River33,single set of methods,15,20,Little River33-20,0.474021324,0.038123662,,,
Vincent_and_Dionne_2023,Little River,Little River34,single set of methods,0,5,Little River34-5,0.769613304,0.075752225,,,
Vincent_and_Dionne_2023,Little River,Little River34,single set of methods,5,10,Little River34-10,0.750915022,0.083088447,,,
Vincent_and_Dionne_2023,Little River,Little River34,single set of methods,10,15,Little River34-15,0.418125398,0.027880863,,,
Vincent_and_Dionne_2023,Little River,Little River34,single set of methods,15,20,Little River34-20,0.418125398,0.023704995,,,
Vincent_and_Dionne_2023,Little River,Little River35,single set of methods,0,5,Little River35-5,0.413649745,0.019013605,,,
Vincent_and_Dionne_2023,Little River,Little River35,single set of methods,5,10,Little River35-10,0.610976289,0.052121016,,,
Vincent_and_Dionne_2023,Little River,Little River35,single set of methods,10,15,Little River35-15,0.734802673,0.063559321,,,
Vincent_and_Dionne_2023,Little River,Little River35,single set of methods,15,20,Little River35-20,0.737388606,0.059668012,,,
Vincent_and_Dionne_2023,Little River,Little River36,single set of methods,0,5,Little River36-5,0.37744669,0.019403178,,,
Vincent_and_Dionne_2023,Little River,Little River36,single set of methods,5,10,Little River36-10,0.710932527,0.072321391,,,
Vincent_and_Dionne_2023,Little River,Little River36,single set of methods,10,15,Little River36-15,0.569302992,0.050834317,,,
Vincent_and_Dionne_2023,Little River,Little River36,single set of methods,15,20,Little River36-20,0.493515277,0.03450035,,,
Vincent_and_Dionne_2023,Little River,Little River37,single set of methods,0,5,Little River37-5,0.366605665,0.025673379,,,
Vincent_and_Dionne_2023,Little River,Little River37,single set of methods,5,10,Little River37-10,0.30026655,0.01962977,,,
Vincent_and_Dionne_2023,Little River,Little River37,single set of methods,10,15,Little River37-15,0.363522438,0.023290464,,,
Vincent_and_Dionne_2023,Little River,Little River37,single set of methods,15,20,Little River37-20,0.435033418,0.045673276,,,
Vincent_and_Dionne_2023,Little River,Little River38,single set of methods,0,5,Little River38-5,0.30026655,0.016045916,,,
Vincent_and_Dionne_2023,Little River,Little River38,single set of methods,5,10,Little River38-10,0.452239815,0.037595906,,,
Vincent_and_Dionne_2023,Little River,Little River38,single set of methods,10,15,Little River38-15,0.612667091,0.061743879,,,
Vincent_and_Dionne_2023,Little River,Little River38,single set of methods,15,20,Little River38-20,0.686664545,0.060551904,,,
Vincent_and_Dionne_2023,Little River,Little River39,single set of methods,0,5,Little River39-5,0.449554424,0.037206681,,,
Vincent_and_Dionne_2023,Little River,Little River39,single set of methods,5,10,Little River39-10,0.505649268,0.041994488,,,
Vincent_and_Dionne_2023,Little River,Little River39,single set of methods,10,15,Little River39-15,0.451046308,0.035444062,,,
Vincent_and_Dionne_2023,Little River,Little River39,single set of methods,15,20,Little River39-20,0.389182845,0.034111316,,,
Vincent_and_Dionne_2023,Little River,Little River40,single set of methods,0,5,Little River40-5,0.241287397,0.012609656,,,
Vincent_and_Dionne_2023,Little River,Little River40,single set of methods,5,10,Little River40-10,0.241983609,0.009877057,,,
Vincent_and_Dionne_2023,Little River,Little River40,single set of methods,10,15,Little River40-15,0.421407543,0.032959614,,,
Vincent_and_Dionne_2023,Little River,Little River40,single set of methods,15,20,Little River40-20,0.385502864,0.026980995,,,
Vincent_and_Dionne_2023,Little River,Little River41,single set of methods,0,5,Little River41-5,0.576364577,0.041847242,,,
Vincent_and_Dionne_2023,Little River,Little River41,single set of methods,5,10,Little River41-10,0.376452101,0.02333591,,,
Vincent_and_Dionne_2023,Little River,Little River41,single set of methods,10,15,Little River41-15,0.605704965,0.05251694,,,
Vincent_and_Dionne_2023,Little River,Little River41,single set of methods,15,20,Little River41-20,0.299371419,0.015426107,,,
Vincent_and_Dionne_2023,Little River,Little River42,single set of methods,0,5,Little River42-5,0.338359325,0.017902706,,,
Vincent_and_Dionne_2023,Little River,Little River42,single set of methods,5,10,Little River42-10,0.399626034,0.024023231,,,
Vincent_and_Dionne_2023,Little River,Little River42,single set of methods,10,15,Little River42-15,0.462086251,0.030868795,,,
Vincent_and_Dionne_2023,Little River,Little River42,single set of methods,15,20,Little River42-20,0.41414704,0.025807661,,,
Vincent_and_Dionne_2023,Little River,Little River43,single set of methods,0,5,Little River43-5,0.551698759,0.038793267,,,
Vincent_and_Dionne_2023,Little River,Little River43,single set of methods,5,10,Little River43-10,0.467158657,0.03170361,,,
Vincent_and_Dionne_2023,Little River,Little River43,single set of methods,10,15,Little River43-15,0.538669637,0.037678985,,,
Vincent_and_Dionne_2023,Little River,Little River43,single set of methods,15,20,Little River43-20,0.87344844,0.087340792,,,
Vincent_and_Dionne_2023,Little River,Little River44,single set of methods,0,5,Little River44-5,0.594068269,0.05416915,,,
Vincent_and_Dionne_2023,Little River,Little River44,single set of methods,5,10,Little River44-10,0.58074077,0.058358738,,,
Vincent_and_Dionne_2023,Little River,Little River44,single set of methods,10,15,Little River44-15,0.38689529,0.030085968,,,
Vincent_and_Dionne_2023,Little River,Little River44,single set of methods,15,20,Little River44-20,0.252128421,0.01427352,,,
Vincent_and_Dionne_2023,Little River,Little River45,single set of methods,0,5,Little River45-5,0.273213717,0.017069929,,,
Vincent_and_Dionne_2023,Little River,Little River45,single set of methods,5,10,Little River45-10,0.235021483,0.013773922,,,
Vincent_and_Dionne_2023,Little River,Little River45,single set of methods,10,15,Little River45-15,0.373766709,0.034358015,,,
Vincent_and_Dionne_2023,Little River,Little River45,single set of methods,15,20,Little River45-20,0.430657225,0.04258438,,,
Vincent_and_Dionne_2023,Little River,Little River46,single set of methods,0,5,Little River46-5,0.325827498,0.02038372,,,
Vincent_and_Dionne_2023,Little River,Little River46,single set of methods,5,10,Little River46-10,0.394752546,0.035443035,,,
Vincent_and_Dionne_2023,Little River,Little River46,single set of methods,10,15,Little River46-15,0.423396722,0.043315636,,,
Vincent_and_Dionne_2023,Little River,Little River46,single set of methods,15,20,Little River46-20,0.377645608,0.03308458,,,
Vincent_and_Dionne_2023,Little River,Little River47,single set of methods,0,5,Little River47-5,0.36988781,0.024694552,,,
Vincent_and_Dionne_2023,Little River,Little River47,single set of methods,5,10,Little River47-10,0.552196053,0.045882881,,,
Vincent_and_Dionne_2023,Little River,Little River47,single set of methods,10,15,Little River47-15,0.680895926,0.069293932,,,
Vincent_and_Dionne_2023,Little River,Little River47,single set of methods,15,20,Little River47-20,0.7323162,0.083242538,,,
Vincent_and_Dionne_2023,Little River,Little River48,single set of methods,0,5,Little River48-5,0.379734246,0.029295817,,,
Vincent_and_Dionne_2023,Little River,Little River48,single set of methods,5,10,Little River48-10,0.247354392,0.013781793,,,
Vincent_and_Dionne_2023,Little River,Little River48,single set of methods,10,15,Little River48-15,0.295393062,0.019745233,,,
Vincent_and_Dionne_2023,Little River,Little River48,single set of methods,15,20,Little River48-20,0.318069701,0.02132596,,,
Vincent_and_Dionne_2023,Little River,Little River49,single set of methods,0,5,Little River49-5,0.755291216,0.077425947,,,
Vincent_and_Dionne_2023,Little River,Little River49,single set of methods,5,10,Little River49-10,0.856043125,0.092632624,,,
Vincent_and_Dionne_2023,Little River,Little River49,single set of methods,10,15,Little River49-15,0.724458943,0.078094465,,,
Vincent_and_Dionne_2023,Little River,Little River49,single set of methods,15,20,Little River49-20,0.494808243,0.052132806,,,
Vincent_and_Dionne_2023,Little River,Little River50,single set of methods,0,5,Little River50-5,0.811286601,0.097732421,,,
Vincent_and_Dionne_2023,Little River,Little River50,single set of methods,5,10,Little River50-10,0.672939211,0.021233962,,,
Vincent_and_Dionne_2023,Little River,Little River50,single set of methods,10,15,Little River50-15,0.572187301,0.030367676,,,
Vincent_and_Dionne_2023,Little River,Little River50,single set of methods,15,20,Little River50-20,0.473225652,0.030376937,,,
Vincent_and_Dionne_2023,Little River,Little River51,single set of methods,0,5,Little River51-5,0.934516232,0.093408757,,,
Vincent_and_Dionne_2023,Little River,Little River51,single set of methods,5,10,Little River51-10,0.863502546,0.082148092,,,
Vincent_and_Dionne_2023,Little River,Little River51,single set of methods,10,15,Little River51-15,0.881504615,0.079834851,,,
Vincent_and_Dionne_2023,Little River,Little River51,single set of methods,15,20,Little River51-20,1.039246499,0.074945025,,,
Vincent_and_Dionne_2023,Little River,Little River52,single set of methods,0,5,Little River52-5,0.879316518,0.070792046,,,
Vincent_and_Dionne_2023,Little River,Little River52,single set of methods,5,10,Little River52-10,1.029797899,0.09546773,,,
Vincent_and_Dionne_2023,Little River,Little River52,single set of methods,10,15,Little River52-15,0.874244112,0.073359799,,,
Vincent_and_Dionne_2023,Little River,Little River52,single set of methods,15,20,Little River52-20,0.773492202,0.06493722,,,
Vincent_and_Dionne_2023,Little River,Little River53,single set of methods,0,5,Little River53-5,1.099618078,0.098729703,,,
Vincent_and_Dionne_2023,Little River,Little River53,single set of methods,5,10,Little River53-10,1.322107734,0.122620798,,,
Vincent_and_Dionne_2023,Little River,Little River53,single set of methods,10,15,Little River53-15,1.498150064,0.126819871,,,
Vincent_and_Dionne_2023,Little River,Little River53,single set of methods,15,20,Little River53-20,2.242799173,0.163298208,,,
Vincent_and_Dionne_2023,Little River,Little River54,single set of methods,0,5,Little River54-5,1.020150382,0.076990297,,,
Vincent_and_Dionne_2023,Little River,Little River54,single set of methods,5,10,Little River54-10,1.070973902,0.080036934,,,
Vincent_and_Dionne_2023,Little River,Little River54,single set of methods,10,15,Little River54-15,1.168543125,0.033003809,,,
Vincent_and_Dionne_2023,Little River,Little River54,single set of methods,15,20,Little River54-20,1.308282941,0.111177037,,,
Vincent_and_Dionne_2023,Little River,Little River55,single set of methods,0,5,Little River55-5,0.92616168,0.073121044,,,
Vincent_and_Dionne_2023,Little River,Little River55,single set of methods,5,10,Little River55-10,0.82172979,0.064775071,,,
Vincent_and_Dionne_2023,Little River,Little River55,single set of methods,10,15,Little River55-15,0.790400223,0.064152047,,,
Vincent_and_Dionne_2023,Little River,Little River55,single set of methods,15,20,Little River55-20,0.705860121,0.053877773,,,
Vincent_and_Dionne_2023,Little River,Little River56,single set of methods,0,5,Little River56-5,0.88011219,0.065017029,,,
Vincent_and_Dionne_2023,Little River,Little River56,single set of methods,5,10,Little River56-10,1.186744112,0.108308943,,,
Vincent_and_Dionne_2023,Little River,Little River56,single set of methods,10,15,Little River56-15,1.036958943,0.085822312,,,
Vincent_and_Dionne_2023,Little River,Little River56,single set of methods,15,20,Little River56-20,1.165360439,0.09214919,,,
Vincent_and_Dionne_2023,Little River,Little River57,single set of methods,0,5,Little River57-5,0.454129535,0.041371713,,,
Vincent_and_Dionne_2023,Little River,Little River57,single set of methods,5,10,Little River57-10,0.512511935,0.057218054,,,
Vincent_and_Dionne_2023,Little River,Little River57,single set of methods,10,15,Little River57-15,0.756086887,0.120856293,,,
Vincent_and_Dionne_2023,Little River,Little River57,single set of methods,15,20,Little River57-20,0.923177912,0.180963199,,,
Vincent_and_Dionne_2023,Little River,Little River58,single set of methods,0,5,Little River58-5,0.807109325,0.069846883,,,
Vincent_and_Dionne_2023,Little River,Little River58,single set of methods,5,10,Little River58-10,0.806512572,0.078686272,,,
Vincent_and_Dionne_2023,Little River,Little River58,single set of methods,10,15,Little River58-15,0.662993316,0.07646068,,,
Vincent_and_Dionne_2023,Little River,Little River58,single set of methods,15,20,Little River58-20,0.45462683,0.037607841,,,
Vincent_and_Dionne_2023,Little River,Little River59,single set of methods,0,5,Little River59-5,0.674729472,0.065022984,,,
Vincent_and_Dionne_2023,Little River,Little River59,single set of methods,5,10,Little River59-10,0.968730108,0.127847855,,,
Vincent_and_Dionne_2023,Little River,Little River59,single set of methods,10,15,Little River59-15,1.124383355,0.118418166,,,
Vincent_and_Dionne_2023,Little River,Little River59,single set of methods,15,20,Little River59-20,1.355327021,0.151199796,,,
Vincent_and_Dionne_2023,Little River,Little River60,single set of methods,0,5,Little River60-5,0.48943746,0.036817429,,,
Vincent_and_Dionne_2023,Little River,Little River60,single set of methods,5,10,Little River60-10,0.466164067,0.035696474,,,
Vincent_and_Dionne_2023,Little River,Little River60,single set of methods,10,15,Little River60-15,0.459003024,0.038685509,,,
Vincent_and_Dionne_2023,Little River,Little River60,single set of methods,15,20,Little River60-20,0.494310948,0.045682894,,,
Vincent_and_Dionne_2023,Little River,Little River61,single set of methods,0,5,Little River61-5,0.601726607,0.056501315,,,
Vincent_and_Dionne_2023,Little River,Little River61,single set of methods,5,10,Little River61-10,0.737189688,0.064855903,,,
Vincent_and_Dionne_2023,Little River,Little River61,single set of methods,10,15,Little River61-15,0.954010185,0.084832792,,,
Vincent_and_Dionne_2023,Little River,Little River61,single set of methods,15,20,Little River61-20,0.935212444,0.084083803,,,
Vincent_and_Dionne_2023,Little River,Little River62,single set of methods,0,5,Little River62-5,0.709937938,0.063012622,,,
Vincent_and_Dionne_2023,Little River,Little River62,single set of methods,5,10,Little River62-10,0.763645767,0.061354404,,,
Vincent_and_Dionne_2023,Little River,Little River62,single set of methods,10,15,Little River62-15,0.800445576,0.06539406,,,
Vincent_and_Dionne_2023,Little River,Little River62,single set of methods,15,20,Little River62-20,0.935510821,0.068038019,,,
Vincent_and_Dionne_2023,Little River,Little River63,single set of methods,0,5,Little River63-5,0.79726289,0.066867415,,,
Vincent_and_Dionne_2023,Little River,Little River63,single set of methods,5,10,Little River63-10,0.757379854,0.067970557,,,
Vincent_and_Dionne_2023,Little River,Little River63,single set of methods,10,15,Little River63-15,0.483967218,0.034406508,,,
Vincent_and_Dionne_2023,Little River,Little River63,single set of methods,15,20,Little River63-20,0.615352482,0.050625812,,,
Vincent_and_Dionne_2023,Little River,Little River64,single set of methods,0,5,Little River64-5,0.699693666,0.055527969,,,
Vincent_and_Dionne_2023,Little River,Little River64,single set of methods,5,10,Little River64-10,0.912635264,0.09476075,,,
Vincent_and_Dionne_2023,Little River,Little River64,single set of methods,10,15,Little River64-15,0.811883355,0.080314363,,,
Vincent_and_Dionne_2023,Little River,Little River64,single set of methods,15,20,Little River64-20,0.990113781,0.084179871,,,
Vincent_and_Dionne_2023,Little River,Little River65,single set of methods,0,5,Little River65-5,0.382519096,0.033448679,,,
Vincent_and_Dionne_2023,Little River,Little River65,single set of methods,5,10,Little River65-10,0.337862031,0.027588484,,,
Vincent_and_Dionne_2023,Little River,Little River65,single set of methods,10,15,Little River65-15,0.313792966,0.024774151,,,
Vincent_and_Dionne_2023,Little River,Little River65,single set of methods,15,20,Little River65-20,0.425186983,0.041465255,,,
Vincent_and_Dionne_2023,Little River,Little River66,single set of methods,0,5,Little River66-5,0.558064131,0.049899587,,,
Vincent_and_Dionne_2023,Little River,Little River66,single set of methods,5,10,Little River66-10,0.485061267,0.044109842,,,
Vincent_and_Dionne_2023,Little River,Little River66,single set of methods,10,15,Little River66-15,0.391370942,0.036523715,,,
Vincent_and_Dionne_2023,Little River,Little River66,single set of methods,15,20,Little River66-20,0.267544558,0.017545179,,,
Vincent_and_Dionne_2023,Little River,Little River67,single set of methods,0,5,Little River67-5,0.58829965,0.062031615,,,
Vincent_and_Dionne_2023,Little River,Little River67,single set of methods,5,10,Little River67-10,0.690742362,0.048146845,,,
Vincent_and_Dionne_2023,Little River,Little River67,single set of methods,10,15,Little River67-15,0.395448759,0.032874714,,,
Vincent_and_Dionne_2023,Little River,Little River67,single set of methods,15,20,Little River67-20,0.433640993,0.04196815,,,
Vincent_and_Dionne_2023,Little River,Little River68,single set of methods,0,5,Little River68-5,0.377148313,0.02943616,,,
Vincent_and_Dionne_2023,Little River,Little River68,single set of methods,5,10,Little River68-10,0.472330522,0.045284576,,,
Vincent_and_Dionne_2023,Little River,Little River68,single set of methods,10,15,Little River68-15,0.393559039,0.036695524,,,
Vincent_and_Dionne_2023,Little River,Little River68,single set of methods,15,20,Little River68-20,0.316080522,0.022716528,,,
Vincent_and_Dionne_2023,Little River,Little River69,single set of methods,0,5,Little River69-5,0.656826862,0.070233987,,,
Vincent_and_Dionne_2023,Little River,Little River69,single set of methods,5,10,Little River69-10,0.619032463,0.059604529,,,
Vincent_and_Dionne_2023,Little River,Little River69,single set of methods,10,15,Little River69-15,0.628978358,0.057947374,,,
Vincent_and_Dionne_2023,Little River,Little River69,single set of methods,15,20,Little River69-20,0.611175207,0.050833705,,,
Vincent_and_Dionne_2023,Little River,Little River70,single set of methods,0,5,Little River70-5,0.977283577,0.102845151,,,
Vincent_and_Dionne_2023,Little River,Little River70,single set of methods,5,10,Little River70-10,1.136020051,0.132707352,,,
Vincent_and_Dionne_2023,Little River,Little River70,single set of methods,10,15,Little River70-15,1.031687619,0.092885003,,,
Vincent_and_Dionne_2023,Little River,Little River70,single set of methods,15,20,Little River70-20,1.089473265,0.089230171,,,
Vincent_and_Dionne_2023,Little River,Little River71,single set of methods,0,5,Little River71-5,0.763546308,0.075941858,,,
Vincent_and_Dionne_2023,Little River,Little River71,single set of methods,5,10,Little River71-10,0.637830204,0.060626552,,,
Vincent_and_Dionne_2023,Little River,Little River71,single set of methods,10,15,Little River71-15,0.550704169,0.037868264,,,
Vincent_and_Dionne_2023,Little River,Little River71,single set of methods,15,20,Little River71-20,0.570496499,0.038017773,,,
Vincent_and_Dionne_2023,Little River,Little River72,single set of methods,0,5,Little River72-5,0.370981859,0.022830462,,,
Vincent_and_Dionne_2023,Little River,Little River72,single set of methods,5,10,Little River72-10,0.400720083,0.02426861,,,
Vincent_and_Dionne_2023,Little River,Little River72,single set of methods,10,15,Little River72-15,0.656727403,0.056967753,,,
Vincent_and_Dionne_2023,Little River,Little River72,single set of methods,15,20,Little River72-20,0.66359007,0.049374738,,,
Vincent_and_Dionne_2023,Little River,Little River73,single set of methods,0,5,Little River73-5,0.566915977,0.058396062,,,
Vincent_and_Dionne_2023,Little River,Little River73,single set of methods,5,10,Little River73-10,0.642305856,0.057643317,,,
Vincent_and_Dionne_2023,Little River,Little River73,single set of methods,10,15,Little River73-15,0.714612508,0.066424784,,,
Vincent_and_Dionne_2023,Little River,Little River73,single set of methods,15,20,Little River73-20,0.803130968,0.087537742,,,
Vincent_and_Dionne_2023,Little River,Little River74,single set of methods,0,5,Little River74-5,0.555677116,0.060979896,,,
Vincent_and_Dionne_2023,Little River,Little River74,single set of methods,5,10,Little River74-10,0.682586728,0.064262537,,,
Vincent_and_Dionne_2023,Little River,Little River74,single set of methods,10,15,Little River74-15,0.683581318,0.06309039,,,
Vincent_and_Dionne_2023,Little River,Little River74,single set of methods,15,20,Little River74-20,0.965447963,0.118186282,,,
Vincent_and_Dionne_2023,Little River,Little River75,single set of methods,0,5,Little River75-5,0.494112031,0.046620165,,,
Vincent_and_Dionne_2023,Little River,Little River75,single set of methods,5,10,Little River75-10,0.58829965,0.056160835,,,
Vincent_and_Dionne_2023,Little River,Little River75,single set of methods,10,15,Little River75-15,0.687659134,0.104299743,,,
Vincent_and_Dionne_2023,Little River,Little River75,single set of methods,15,20,Little River75-20,0.574574316,0.026876851,,,
Vincent_and_Dionne_2023,Little River,Little River76,single set of methods,0,5,Little River76-5,0.408776257,0.035224237,,,
Vincent_and_Dionne_2023,Little River,Little River76,single set of methods,5,10,Little River76-10,0.441697167,0.032702033,,,
Vincent_and_Dionne_2023,Little River,Little River76,single set of methods,10,15,Little River76-15,0.43771881,0.034002277,,,
Vincent_and_Dionne_2023,Little River,Little River76,single set of methods,15,20,Little River76-20,0.472231063,0.03189357,,,
Vincent_and_Dionne_2023,Little River,Little River77,single set of methods,0,5,Little River77-5,0.762651178,0.076733296,,,
Vincent_and_Dionne_2023,Little River,Little River77,single set of methods,5,10,Little River77-10,0.72475732,0.060191548,,,
Vincent_and_Dionne_2023,Little River,Little River77,single set of methods,10,15,Little River77-15,0.571292171,0.050378061,,,
Vincent_and_Dionne_2023,Little River,Little River77,single set of methods,15,20,Little River77-20,0.581337524,0.058250905,,,
Vincent_and_Dionne_2023,Little River,Little River78,single set of methods,0,5,Little River78-5,0.503461171,0.039191674,,,
Vincent_and_Dionne_2023,Little River,Little River78,single set of methods,5,10,Little River78-10,0.505052514,0.04086784,,,
Vincent_and_Dionne_2023,Little River,Little River78,single set of methods,10,15,Little River78-15,0.429662635,0.033904528,,,
Vincent_and_Dionne_2023,Little River,Little River78,single set of methods,15,20,Little River78-20,0.476408339,0.040426206,,,
Vincent_and_Dionne_2023,Little River,Little River79,single set of methods,0,5,Little River79-5,0.64668205,0.069576734,,,
Vincent_and_Dionne_2023,Little River,Little River79,single set of methods,5,10,Little River79-10,0.488442871,0.039263508,,,
Vincent_and_Dionne_2023,Little River,Little River79,single set of methods,10,15,Little River79-15,0.575171069,0.042866488,,,
Vincent_and_Dionne_2023,Little River,Little River79,single set of methods,15,20,Little River79-20,0.54026098,0.047885842,,,
Vincent_and_Dionne_2023,Little River,Little River80,single set of methods,0,5,Little River80-5,0.608390356,0.068752936,,,
Vincent_and_Dionne_2023,Little River,Little River80,single set of methods,5,10,Little River80-10,0.580442393,0.057228019,,,
Vincent_and_Dionne_2023,Little River,Little River80,single set of methods,10,15,Little River80-15,0.694422342,0.055394227,,,
Vincent_and_Dionne_2023,Little River,Little River80,single set of methods,15,20,Little River80-20,0.668065722,0.055318837,,,
Vincent_and_Dionne_2023,Little River,Little River81,single set of methods,0,5,Little River81-5,0.73510105,0.079302409,,,
Vincent_and_Dionne_2023,Little River,Little River81,single set of methods,5,10,Little River81-10,0.759369032,0.074743892,,,
Vincent_and_Dionne_2023,Little River,Little River81,single set of methods,10,15,Little River81-15,0.800346117,0.078150602,,,
Vincent_and_Dionne_2023,Little River,Little River81,single set of methods,15,20,Little River81-20,0.97420035,0.122979452,,,
Vincent_and_Dionne_2023,Little River,Little River82,single set of methods,0,5,Little River82-5,0.708147677,0.101486774,,,
Vincent_and_Dionne_2023,Little River,Little River82,single set of methods,5,10,Little River82-10,0.539266391,0.050614191,,,
Vincent_and_Dionne_2023,Little River,Little River82,single set of methods,10,15,Little River82-15,0.677812699,0.057683555,,,
Vincent_and_Dionne_2023,Little River,Little River82,single set of methods,15,20,Little River82-20,1.209122374,0.146761593,,,
Vincent_and_Dionne_2023,Little River,Little River83,single set of methods,0,5,Little River83-5,0.67860837,0.067438032,,,
Vincent_and_Dionne_2023,Little River,Little River83,single set of methods,5,10,Little River83-10,0.84619669,0.097308521,,,
Vincent_and_Dionne_2023,Little River,Little River83,single set of methods,10,15,Little River83-15,0.747931254,0.078245852,,,
Vincent_and_Dionne_2023,Little River,Little River83,single set of methods,15,20,Little River83-20,1.004535328,0.101650206,,,
Vincent_and_Dionne_2023,Little River,Little River84,single set of methods,0,5,Little River84-5,0.450051719,0.03822663,,,
Vincent_and_Dionne_2023,Little River,Little River84,single set of methods,5,10,Little River84-10,0.781548377,0.161925195,,,
Vincent_and_Dionne_2023,Little River,Little River84,single set of methods,10,15,Little River84-15,0.617838956,0.057124439,,,
Vincent_and_Dionne_2023,Little River,Little River84,single set of methods,15,20,Little River84-20,0.59864338,0.052396454,,,
Vincent_and_Dionne_2023,Little River,Little River85,single set of methods,0,5,Little River85-5,0.605605506,0.067736522,,,
Vincent_and_Dionne_2023,Little River,Little River85,single set of methods,5,10,Little River85-10,0.545233927,0.049021313,,,
Vincent_and_Dionne_2023,Little River,Little River85,single set of methods,10,15,Little River85-15,0.456417091,0.044247645,,,
Vincent_and_Dionne_2023,Little River,Little River85,single set of methods,15,20,Little River85-20,0.52235837,0.057215512,,,
Vincent_and_Dionne_2023,Little River,Little River86,single set of methods,0,5,Little River86-5,0.593670433,0.051449119,,,
Vincent_and_Dionne_2023,Little River,Little River86,single set of methods,5,10,Little River86-10,0.487448281,0.037386189,,,
Vincent_and_Dionne_2023,Little River,Little River86,single set of methods,10,15,Little River86-15,0.509627626,0.045149724,,,
Vincent_and_Dionne_2023,Little River,Little River86,single set of methods,15,20,Little River86-20,0.60620226,0.056048528,,,
Vincent_and_Dionne_2023,Little River,Little River87,single set of methods,0,5,Little River87-5,0.788112667,0.10552009,,,
Vincent_and_Dionne_2023,Little River,Little River87,single set of methods,5,10,Little River87-10,0.682089433,0.062587954,,,
Vincent_and_Dionne_2023,Little River,Little River87,single set of methods,10,15,Little River87-15,0.735697804,0.059108951,,,
Vincent_and_Dionne_2023,Little River,Little River87,single set of methods,15,20,Little River87-20,0.633354551,0.058142133,,,
Vincent_and_Dionne_2023,Little River,Little River88,single set of methods,0,5,Little River88-5,0.697704488,0.068185552,,,
Vincent_and_Dionne_2023,Little River,Little River88,single set of methods,5,10,Little River88-10,0.48943746,0.035115556,,,
Vincent_and_Dionne_2023,Little River,Little River88,single set of methods,10,15,Little River88-15,0.560749523,0.050646831,,,
Vincent_and_Dionne_2023,Little River,Little River88,single set of methods,15,20,Little River88-20,0.660506843,0.06896348,,,
Vincent_and_Dionne_2023,Little River,Little River89,single set of methods,0,5,Little River89-5,0.755191757,0.060179914,,,
Vincent_and_Dionne_2023,Little River,Little River89,single set of methods,5,10,Little River89-10,1.027808721,0.122153711,,,
Vincent_and_Dionne_2023,Little River,Little River89,single set of methods,10,15,Little River89-15,1.287297104,0.131803261,,,
Vincent_and_Dionne_2023,Little River,Little River89,single set of methods,15,20,Little River89-20,2.129316518,0.196522939,,,
Vincent_and_Dionne_2023,Little River,Little River90,single set of methods,0,5,Little River90-5,0.416136219,0.033246447,,,
Vincent_and_Dionne_2023,Little River,Little River90,single set of methods,5,10,Little River90-10,0.492421229,0.035128308,,,
Vincent_and_Dionne_2023,Little River,Little River90,single set of methods,10,15,Little River90-15,0.671447327,0.062716404,,,
Vincent_and_Dionne_2023,Little River,Little River90,single set of methods,15,20,Little River90-20,0.731619987,0.066982379,,,
Vincent_and_Dionne_2023,Little River,Little River91,single set of methods,0,5,Little River91-5,0.425883195,0.027303219,,,
Vincent_and_Dionne_2023,Little River,Little River91,single set of methods,5,10,Little River91-10,0.757280395,0.084325286,,,
Vincent_and_Dionne_2023,Little River,Little River91,single set of methods,10,15,Little River91-15,0.6494669,0.061679157,,,
Vincent_and_Dionne_2023,Little River,Little River91,single set of methods,15,20,Little River91-20,0.675525143,0.058931311,,,
Vincent_and_Dionne_2023,Little River,Little River92,single set of methods,0,5,Little River92-5,0.433541534,0.038034913,,,
Vincent_and_Dionne_2023,Little River,Little River92,single set of methods,5,10,Little River92-10,0.431651814,0.032276236,,,
Vincent_and_Dionne_2023,Little River,Little River92,single set of methods,10,15,Little River92-15,0.689648313,0.085282799,,,
Vincent_and_Dionne_2023,Little River,Little River92,single set of methods,15,20,Little River92-20,0.719187619,0.093239022,,,
Vincent_and_Dionne_2023,Little River,Little River93,single set of methods,0,5,Little River93-5,0.456715468,0.036151544,,,
Vincent_and_Dionne_2023,Little River,Little River93,single set of methods,5,10,Little River93-10,0.532105347,0.043384168,,,
Vincent_and_Dionne_2023,Little River,Little River93,single set of methods,10,15,Little River93-15,0.390376353,0.028710729,,,
Vincent_and_Dionne_2023,Little River,Little River93,single set of methods,15,20,Little River93-20,0.67582352,0.079256257,,,
Vincent_and_Dionne_2023,Little River,Little River94,single set of methods,0,5,Little River94-5,0.714811426,0.09332578,,,
Vincent_and_Dionne_2023,Little River,Little River94,single set of methods,5,10,Little River94-10,0.565125716,0.048256007,,,
Vincent_and_Dionne_2023,Little River,Little River94,single set of methods,10,15,Little River94-15,0.670353278,0.064021522,,,
Vincent_and_Dionne_2023,Little River,Little River94,single set of methods,15,20,Little River94-20,0.489139083,0.0373957,,,
Vincent_and_Dionne_2023,Little River,Little River95,single set of methods,0,5,Little River95-5,0.788112667,0.052300362,,,
Vincent_and_Dionne_2023,Little River,Little River95,single set of methods,5,10,Little River95-10,0.633752387,0.056276594,,,
Vincent_and_Dionne_2023,Little River,Little River95,single set of methods,10,15,Little River95-15,0.886875398,0.051451899,,,
Vincent_and_Dionne_2023,Little River,Little River95,single set of methods,15,20,Little River95-20,0.957093412,0.051564038,,,
Vincent_and_Dionne_2023,Little River,Little River96,single set of methods,0,5,Little River96-5,0.911342298,0.083378889,,,
Vincent_and_Dionne_2023,Little River,Little River96,single set of methods,5,10,Little River96-10,0.767922502,0.072359741,,,
Vincent_and_Dionne_2023,Little River,Little River96,single set of methods,10,15,Little River96-15,0.758175525,0.061909629,,,
Vincent_and_Dionne_2023,Little River,Little River96,single set of methods,15,20,Little River96-20,0.887372693,0.058074654,,,
Vincent_and_Dionne_2023,Little River,Little River97,single set of methods,0,5,Little River97-5,0.409969764,0.038698099,,,
Vincent_and_Dionne_2023,Little River,Little River97,single set of methods,5,10,Little River97-10,0.386696372,0.03235336,,,
Vincent_and_Dionne_2023,Little River,Little River97,single set of methods,10,15,Little River97-15,0.684874284,0.081566777,,,
Vincent_and_Dionne_2023,Little River,Little River97,single set of methods,15,20,Little River97-20,0.673734882,0.071596626,,,
Vincent_and_Dionne_2023,Little River,Little River98,single set of methods,0,5,Little River98-5,0.358251114,0.029077095,,,
Vincent_and_Dionne_2023,Little River,Little River98,single set of methods,5,10,Little River98-10,0.372672661,0.02997259,,,
Vincent_and_Dionne_2023,Little River,Little River98,single set of methods,10,15,Little River98-15,0.464274348,0.03987306,,,
Vincent_and_Dionne_2023,Little River,Little River98,single set of methods,15,20,Little River98-20,0.640913431,0.062160162,,,
Vincent_and_Dionne_2023,Little River,Little River99,single set of methods,0,5,Little River99-5,0.719784373,0.067023986,,,
Vincent_and_Dionne_2023,Little River,Little River99,single set of methods,5,10,Little River99-10,1.068387969,0.107362488,,,
Vincent_and_Dionne_2023,Little River,Little River99,single set of methods,10,15,Little River99-15,0.83774268,0.075458173,,,
Vincent_and_Dionne_2023,Little River,Little River99,single set of methods,15,20,Little River99-20,1.013188256,0.086474411,,,
Vincent_and_Dionne_2023,Little River,Little River100,single set of methods,0,5,Little River100-5,0.474618078,0.046403227,,,
Vincent_and_Dionne_2023,Little River,Little River100,single set of methods,5,10,Little River100-10,0.446471197,0.039646207,,,
Vincent_and_Dionne_2023,Little River,Little River100,single set of methods,10,15,Little River100-15,0.573281349,0.05354723,,,
Vincent_and_Dionne_2023,Little River,Little River100,single set of methods,15,20,Little River100-20,0.673138129,0.059000312,,,